This is pdfTeX, Version 3.141592653-2.6-1.40.22 (TeX Live 2021) (preloaded format=pdflatex 2021.5.27)  7 MAR 2026 00:01
entering extended mode
 restricted \write18 enabled.
 %&-line parsing enabled.
**ssk_thes.tex
(./ssk_thes.tex
LaTeX2e <2020-10-01> patch level 4
L3 programming layer <2021-05-25>
(/usr/local/texlive/2021/texmf-dist/tex/latex/extsizes/extreport.cls
Document Class: extreport 1996/10/08 v1.0 Non Standard LaTeX document class
(/usr/local/texlive/2021/texmf-dist/tex/latex/extsizes/size14.clo
File: size14.clo 1999/11/11 v1.4a NON-Standard LaTeX file (size option)
)
(/usr/local/texlive/2021/texmf-dist/tex/latex/base/exscale.sty
Package: exscale 2018/09/24 v2.1i Standard LaTeX package exscale
LaTeX Font Info:    Redeclaring symbol font `largesymbols' on input line 57.
LaTeX Font Info:    Overwriting symbol font `largesymbols' in version `normal'
(Font)                  OMX/cmex/m/n --> OMX/cmex/m/n on input line 57.
LaTeX Font Info:    Overwriting symbol font `largesymbols' in version `bold'
(Font)                  OMX/cmex/m/n --> OMX/cmex/m/n on input line 57.
\big@size=\dimen138
)
\c@part=\count181
\c@chapter=\count182
\c@section=\count183
\c@subsection=\count184
\c@subsubsection=\count185
\c@paragraph=\count186
\c@subparagraph=\count187
\c@figure=\count188
\c@table=\count189
\abovecaptionskip=\skip47
\belowcaptionskip=\skip48
\bibindent=\dimen139
)
(./kdpustyle.sty
Package: kdpustyle 2022/03/22 University of Pennsylvania Dissertation Style

(/usr/local/texlive/2021/texmf-dist/tex/latex/lipsum/lipsum.sty
(/usr/local/texlive/2021/texmf-dist/tex/latex/l3kernel/expl3.sty
Package: expl3 2021-05-25 L3 programming layer (loader) 

(/usr/local/texlive/2021/texmf-dist/tex/latex/l3backend/l3backend-pdftex.def
File: l3backend-pdftex.def 2021-05-07 L3 backend support: PDF output (pdfTeX)
\l__color_backend_stack_int=\count190
\l__pdf_internal_box=\box47
))
(/usr/local/texlive/2021/texmf-dist/tex/latex/l3packages/xparse/xparse.sty
(/usr/local/texlive/2021/texmf-dist/tex/latex/l3packages/xparse/xparse-2020-10-
01.sty
(/usr/local/texlive/2021/texmf-dist/tex/latex/l3packages/xparse/xparse-generic.
tex)))
Package: lipsum 2021-03-03 v2.3 150 paragraphs of Lorem Ipsum dummy text
 (/usr/local/texlive/2021/texmf-dist/tex/latex/lipsum/lipsum.ltd.tex
File: lipsum.ltd.tex 2021-03-03 v2.3 The Lorem ipsum dummy text
))
(/usr/local/texlive/2021/texmf-dist/tex/latex/fancyhdr/fancyhdr.sty
Package: fancyhdr 2021/01/28 v4.0.1 Extensive control of page headers and foote
rs
\f@nch@headwidth=\skip49
\f@nch@O@elh=\skip50
\f@nch@O@erh=\skip51
\f@nch@O@olh=\skip52
\f@nch@O@orh=\skip53
\f@nch@O@elf=\skip54
\f@nch@O@erf=\skip55
\f@nch@O@olf=\skip56
\f@nch@O@orf=\skip57
)
(/usr/local/texlive/2021/texmf-dist/tex/latex/geometry/geometry.sty
Package: geometry 2020/01/02 v5.9 Page Geometry

(/usr/local/texlive/2021/texmf-dist/tex/latex/graphics/keyval.sty
Package: keyval 2014/10/28 v1.15 key=value parser (DPC)
\KV@toks@=\toks15
)
(/usr/local/texlive/2021/texmf-dist/tex/generic/iftex/ifvtex.sty
Package: ifvtex 2019/10/25 v1.7 ifvtex legacy package. Use iftex instead.

(/usr/local/texlive/2021/texmf-dist/tex/generic/iftex/iftex.sty
Package: iftex 2020/03/06 v1.0d TeX engine tests
))
\Gm@cnth=\count191
\Gm@cntv=\count192
\c@Gm@tempcnt=\count193
\Gm@bindingoffset=\dimen140
\Gm@wd@mp=\dimen141
\Gm@odd@mp=\dimen142
\Gm@even@mp=\dimen143
\Gm@layoutwidth=\dimen144
\Gm@layoutheight=\dimen145
\Gm@layouthoffset=\dimen146
\Gm@layoutvoffset=\dimen147
\Gm@dimlist=\toks16
)
(/usr/local/texlive/2021/texmf-dist/tex/latex/libertinus/libertinus.sty
Package: libertinus 2020/05/06 v. 0.02 (Herbert Voss) Supports libertinus fonts
 for pdflatex/lualatex/xelatex

(/usr/local/texlive/2021/texmf-dist/tex/latex/xkeyval/xkeyval.sty
Package: xkeyval 2020/11/20 v2.8 package option processing (HA)

(/usr/local/texlive/2021/texmf-dist/tex/generic/xkeyval/xkeyval.tex
(/usr/local/texlive/2021/texmf-dist/tex/generic/xkeyval/xkvutils.tex
\XKV@toks=\toks17
\XKV@tempa@toks=\toks18
)
\XKV@depth=\count194
File: xkeyval.tex 2014/12/03 v2.7a key=value parser (HA)
))
(/usr/local/texlive/2021/texmf-dist/tex/latex/libertinus-type1/libertinus-type1
.sty
Package: libertinus-type1 2021/02/14 (Bob Tennent) Supports libertinus fonts fo
r latex/pdflatex.
 (/usr/local/texlive/2021/texmf-dist/tex/generic/iftex/ifxetex.sty
Package: ifxetex 2019/10/25 v0.7 ifxetex legacy package. Use iftex instead.
)
(/usr/local/texlive/2021/texmf-dist/tex/generic/iftex/ifluatex.sty
Package: ifluatex 2019/10/25 v1.5 ifluatex legacy package. Use iftex instead.
)
(/usr/local/texlive/2021/texmf-dist/tex/latex/base/textcomp.sty
Package: textcomp 2020/02/02 v2.0n Standard LaTeX package
)
(/usr/local/texlive/2021/texmf-dist/tex/latex/base/fontenc.sty
Package: fontenc 2020/08/10 v2.0s Standard LaTeX package
)
(/usr/local/texlive/2021/texmf-dist/tex/latex/fontaxes/fontaxes.sty
Package: fontaxes 2020/07/21 v1.0e Font selection axes
LaTeX Info: Redefining \upshape on input line 29.
LaTeX Info: Redefining \itshape on input line 31.
LaTeX Info: Redefining \slshape on input line 33.
LaTeX Info: Redefining \swshape on input line 35.
LaTeX Info: Redefining \scshape on input line 37.
LaTeX Info: Redefining \sscshape on input line 39.
LaTeX Info: Redefining \ulcshape on input line 41.
LaTeX Info: Redefining \textsw on input line 47.
LaTeX Info: Redefining \textssc on input line 48.
LaTeX Info: Redefining \textulc on input line 49.
)))
(/usr/local/texlive/2021/texmf-dist/tex/latex/base/fontenc.sty
Package: fontenc 2020/08/10 v2.0s Standard LaTeX package

(/usr/local/texlive/2021/texmf-dist/tex/latex/cyrillic/t2aenc.def
File: t2aenc.def 2005/09/27 v1.0i Cyrillic encoding definition file
Now handling font encoding T2A ...
... processing UTF-8 mapping file for font encoding T2A

(/usr/local/texlive/2021/texmf-dist/tex/latex/base/t2aenc.dfu
File: t2aenc.dfu 2019/11/14 v1.2k UTF-8 support for inputenc
   defining Unicode char U+00A4 (decimal 164)
   defining Unicode char U+00A7 (decimal 167)
   defining Unicode char U+00AB (decimal 171)
   defining Unicode char U+00BB (decimal 187)
   defining Unicode char U+0131 (decimal 305)
   defining Unicode char U+0237 (decimal 567)
   defining Unicode char U+0400 (decimal 1024)
   defining Unicode char U+0401 (decimal 1025)
   defining Unicode char U+0402 (decimal 1026)
   defining Unicode char U+0403 (decimal 1027)
   defining Unicode char U+0404 (decimal 1028)
   defining Unicode char U+0405 (decimal 1029)
   defining Unicode char U+0406 (decimal 1030)
   defining Unicode char U+0407 (decimal 1031)
   defining Unicode char U+0408 (decimal 1032)
   defining Unicode char U+0409 (decimal 1033)
   defining Unicode char U+040A (decimal 1034)
   defining Unicode char U+040B (decimal 1035)
   defining Unicode char U+040C (decimal 1036)
   defining Unicode char U+040D (decimal 1037)
   defining Unicode char U+040E (decimal 1038)
   defining Unicode char U+040F (decimal 1039)
   defining Unicode char U+0410 (decimal 1040)
   defining Unicode char U+0411 (decimal 1041)
   defining Unicode char U+0412 (decimal 1042)
   defining Unicode char U+0413 (decimal 1043)
   defining Unicode char U+0414 (decimal 1044)
   defining Unicode char U+0415 (decimal 1045)
   defining Unicode char U+0416 (decimal 1046)
   defining Unicode char U+0417 (decimal 1047)
   defining Unicode char U+0418 (decimal 1048)
   defining Unicode char U+0419 (decimal 1049)
   defining Unicode char U+041A (decimal 1050)
   defining Unicode char U+041B (decimal 1051)
   defining Unicode char U+041C (decimal 1052)
   defining Unicode char U+041D (decimal 1053)
   defining Unicode char U+041E (decimal 1054)
   defining Unicode char U+041F (decimal 1055)
   defining Unicode char U+0420 (decimal 1056)
   defining Unicode char U+0421 (decimal 1057)
   defining Unicode char U+0422 (decimal 1058)
   defining Unicode char U+0423 (decimal 1059)
   defining Unicode char U+0424 (decimal 1060)
   defining Unicode char U+0425 (decimal 1061)
   defining Unicode char U+0426 (decimal 1062)
   defining Unicode char U+0427 (decimal 1063)
   defining Unicode char U+0428 (decimal 1064)
   defining Unicode char U+0429 (decimal 1065)
   defining Unicode char U+042A (decimal 1066)
   defining Unicode char U+042B (decimal 1067)
   defining Unicode char U+042C (decimal 1068)
   defining Unicode char U+042D (decimal 1069)
   defining Unicode char U+042E (decimal 1070)
   defining Unicode char U+042F (decimal 1071)
   defining Unicode char U+0430 (decimal 1072)
   defining Unicode char U+0431 (decimal 1073)
   defining Unicode char U+0432 (decimal 1074)
   defining Unicode char U+0433 (decimal 1075)
   defining Unicode char U+0434 (decimal 1076)
   defining Unicode char U+0435 (decimal 1077)
   defining Unicode char U+0436 (decimal 1078)
   defining Unicode char U+0437 (decimal 1079)
   defining Unicode char U+0438 (decimal 1080)
   defining Unicode char U+0439 (decimal 1081)
   defining Unicode char U+043A (decimal 1082)
   defining Unicode char U+043B (decimal 1083)
   defining Unicode char U+043C (decimal 1084)
   defining Unicode char U+043D (decimal 1085)
   defining Unicode char U+043E (decimal 1086)
   defining Unicode char U+043F (decimal 1087)
   defining Unicode char U+0440 (decimal 1088)
   defining Unicode char U+0441 (decimal 1089)
   defining Unicode char U+0442 (decimal 1090)
   defining Unicode char U+0443 (decimal 1091)
   defining Unicode char U+0444 (decimal 1092)
   defining Unicode char U+0445 (decimal 1093)
   defining Unicode char U+0446 (decimal 1094)
   defining Unicode char U+0447 (decimal 1095)
   defining Unicode char U+0448 (decimal 1096)
   defining Unicode char U+0449 (decimal 1097)
   defining Unicode char U+044A (decimal 1098)
   defining Unicode char U+044B (decimal 1099)
   defining Unicode char U+044C (decimal 1100)
   defining Unicode char U+044D (decimal 1101)
   defining Unicode char U+044E (decimal 1102)
   defining Unicode char U+044F (decimal 1103)
   defining Unicode char U+0450 (decimal 1104)
   defining Unicode char U+0451 (decimal 1105)
   defining Unicode char U+0452 (decimal 1106)
   defining Unicode char U+0453 (decimal 1107)
   defining Unicode char U+0454 (decimal 1108)
   defining Unicode char U+0455 (decimal 1109)
   defining Unicode char U+0456 (decimal 1110)
   defining Unicode char U+0457 (decimal 1111)
   defining Unicode char U+0458 (decimal 1112)
   defining Unicode char U+0459 (decimal 1113)
   defining Unicode char U+045A (decimal 1114)
   defining Unicode char U+045B (decimal 1115)
   defining Unicode char U+045C (decimal 1116)
   defining Unicode char U+045D (decimal 1117)
   defining Unicode char U+045E (decimal 1118)
   defining Unicode char U+045F (decimal 1119)
   defining Unicode char U+0490 (decimal 1168)
   defining Unicode char U+0491 (decimal 1169)
   defining Unicode char U+0492 (decimal 1170)
   defining Unicode char U+0493 (decimal 1171)
   defining Unicode char U+0496 (decimal 1174)
   defining Unicode char U+0497 (decimal 1175)
   defining Unicode char U+0498 (decimal 1176)
   defining Unicode char U+0499 (decimal 1177)
   defining Unicode char U+049A (decimal 1178)
   defining Unicode char U+049B (decimal 1179)
   defining Unicode char U+049C (decimal 1180)
   defining Unicode char U+049D (decimal 1181)
   defining Unicode char U+04A0 (decimal 1184)
   defining Unicode char U+04A1 (decimal 1185)
   defining Unicode char U+04A2 (decimal 1186)
   defining Unicode char U+04A3 (decimal 1187)
   defining Unicode char U+04A4 (decimal 1188)
   defining Unicode char U+04A5 (decimal 1189)
   defining Unicode char U+04AA (decimal 1194)
   defining Unicode char U+04AB (decimal 1195)
   defining Unicode char U+04AE (decimal 1198)
   defining Unicode char U+04AF (decimal 1199)
   defining Unicode char U+04B0 (decimal 1200)
   defining Unicode char U+04B1 (decimal 1201)
   defining Unicode char U+04B2 (decimal 1202)
   defining Unicode char U+04B3 (decimal 1203)
   defining Unicode char U+04B6 (decimal 1206)
   defining Unicode char U+04B7 (decimal 1207)
   defining Unicode char U+04B8 (decimal 1208)
   defining Unicode char U+04B9 (decimal 1209)
   defining Unicode char U+04BA (decimal 1210)
   defining Unicode char U+04BB (decimal 1211)
   defining Unicode char U+04C0 (decimal 1216)
   defining Unicode char U+04C1 (decimal 1217)
   defining Unicode char U+04C2 (decimal 1218)
   defining Unicode char U+04D0 (decimal 1232)
   defining Unicode char U+04D1 (decimal 1233)
   defining Unicode char U+04D2 (decimal 1234)
   defining Unicode char U+04D3 (decimal 1235)
   defining Unicode char U+04D4 (decimal 1236)
   defining Unicode char U+04D5 (decimal 1237)
   defining Unicode char U+04D6 (decimal 1238)
   defining Unicode char U+04D7 (decimal 1239)
   defining Unicode char U+04D8 (decimal 1240)
   defining Unicode char U+04D9 (decimal 1241)
   defining Unicode char U+04DA (decimal 1242)
   defining Unicode char U+04DB (decimal 1243)
   defining Unicode char U+04DC (decimal 1244)
   defining Unicode char U+04DD (decimal 1245)
   defining Unicode char U+04DE (decimal 1246)
   defining Unicode char U+04DF (decimal 1247)
   defining Unicode char U+04E2 (decimal 1250)
   defining Unicode char U+04E3 (decimal 1251)
   defining Unicode char U+04E4 (decimal 1252)
   defining Unicode char U+04E5 (decimal 1253)
   defining Unicode char U+04E6 (decimal 1254)
   defining Unicode char U+04E7 (decimal 1255)
   defining Unicode char U+04E8 (decimal 1256)
   defining Unicode char U+04E9 (decimal 1257)
   defining Unicode char U+04EC (decimal 1260)
   defining Unicode char U+04ED (decimal 1261)
   defining Unicode char U+04EE (decimal 1262)
   defining Unicode char U+04EF (decimal 1263)
   defining Unicode char U+04F0 (decimal 1264)
   defining Unicode char U+04F1 (decimal 1265)
   defining Unicode char U+04F2 (decimal 1266)
   defining Unicode char U+04F3 (decimal 1267)
   defining Unicode char U+04F4 (decimal 1268)
   defining Unicode char U+04F5 (decimal 1269)
   defining Unicode char U+04F8 (decimal 1272)
   defining Unicode char U+04F9 (decimal 1273)
   defining Unicode char U+200C (decimal 8204)
   defining Unicode char U+2013 (decimal 8211)
   defining Unicode char U+2014 (decimal 8212)
   defining Unicode char U+2018 (decimal 8216)
   defining Unicode char U+2019 (decimal 8217)
   defining Unicode char U+201C (decimal 8220)
   defining Unicode char U+201D (decimal 8221)
   defining Unicode char U+201E (decimal 8222)
   defining Unicode char U+2030 (decimal 8240)
   defining Unicode char U+2031 (decimal 8241)
   defining Unicode char U+2116 (decimal 8470)
   defining Unicode char U+2329 (decimal 9001)
   defining Unicode char U+232A (decimal 9002)
   defining Unicode char U+2423 (decimal 9251)
   defining Unicode char U+27E8 (decimal 10216)
   defining Unicode char U+27E9 (decimal 10217)
   defining Unicode char U+FB00 (decimal 64256)
   defining Unicode char U+FB01 (decimal 64257)
   defining Unicode char U+FB02 (decimal 64258)
   defining Unicode char U+FB03 (decimal 64259)
   defining Unicode char U+FB04 (decimal 64260)
   defining Unicode char U+FB05 (decimal 64261)
   defining Unicode char U+FB06 (decimal 64262)
))
LaTeX Font Info:    Trying to load font information for T2A+LibertinusSerif-TLF
 on input line 112.

(/usr/local/texlive/2021/texmf-dist/tex/latex/libertinus-type1/T2ALibertinusSer
if-TLF.fd
File: T2ALibertinusSerif-TLF.fd 2020/08/22 (autoinst) Font definitions for T2A/
LibertinusSerif-TLF.
)
LaTeX Font Info:    Font shape `T2A/LibertinusSerif-TLF/m/n' will be
(Font)              scaled to size 14.4pt on input line 112.
) (/usr/local/texlive/2021/texmf-dist/tex/generic/babel/babel.sty
Package: babel 2021/05/16 3.59 The Babel package

(/usr/local/texlive/2021/texmf-dist/tex/generic/babel/babel.def
File: babel.def 2021/05/16 3.59 Babel common definitions
\babel@savecnt=\count195
\U@D=\dimen148
\l@unhyphenated=\language87

(/usr/local/texlive/2021/texmf-dist/tex/generic/babel/txtbabel.def)
\bbl@readstream=\read2
)
\bbl@dirlevel=\count196

(/usr/local/texlive/2021/texmf-dist/tex/generic/babel-ukrainian/ukraineb.ldf
File: ukraineb.ldf 2020/10/14 1.4e Ukrainian support for the Babel system
Package babel Info: Making " an active character on input line 97.
Package babel Info: Default for \cyrdash is provided on input line 142.
)
(/usr/local/texlive/2021/texmf-dist/tex/generic/babel-english/english.ldf
Language: english 2017/06/06 v3.3r English support from the babel system
Package babel Info: Hyphen rules for 'canadian' set to \l@english
(babel)             (\language0). Reported on input line 102.
Package babel Info: Hyphen rules for 'australian' set to \l@ukenglish
(babel)             (\language21). Reported on input line 105.
Package babel Info: Hyphen rules for 'newzealand' set to \l@ukenglish
(babel)             (\language21). Reported on input line 108.
))
(/usr/local/texlive/2021/texmf-dist/tex/latex/base/inputenc.sty
Package: inputenc 2020/08/01 v1.3d Input encoding file
\inpenc@prehook=\toks19
\inpenc@posthook=\toks20
)
(/usr/local/texlive/2021/texmf-dist/tex/latex/csquotes/csquotes.sty
Package: csquotes 2021-02-22 v5.2l context-sensitive quotations (JAW)

(/usr/local/texlive/2021/texmf-dist/tex/latex/etoolbox/etoolbox.sty
Package: etoolbox 2020/10/05 v2.5k e-TeX tools for LaTeX (JAW)
\etb@tempcnta=\count197
)
\csq@reset=\count198
\csq@gtype=\count199
\csq@glevel=\count266
\csq@qlevel=\count267
\csq@maxlvl=\count268
\csq@tshold=\count269
\csq@ltx@everypar=\toks21

(/usr/local/texlive/2021/texmf-dist/tex/latex/csquotes/csquotes.def
File: csquotes.def 2021-02-22 v5.2l csquotes generic definitions (JAW)
)
Package csquotes Info: Trying to load configuration file 'csquotes.cfg'...
Package csquotes Info: ... configuration file loaded successfully.

(/usr/local/texlive/2021/texmf-dist/tex/latex/csquotes/csquotes.cfg
File: csquotes.cfg 
))
(/usr/local/texlive/2021/texmf-dist/tex/latex/amscls/amsthm.sty
Package: amsthm 2020/05/29 v2.20.6
\thm@style=\toks22
\thm@bodyfont=\toks23
\thm@headfont=\toks24
\thm@notefont=\toks25
\thm@headpunct=\toks26
\thm@preskip=\skip58
\thm@postskip=\skip59
\thm@headsep=\skip60
\dth@everypar=\toks27
)
(/usr/local/texlive/2021/texmf-dist/tex/latex/amsmath/amsmath.sty
Package: amsmath 2020/09/23 v2.17i AMS math features
\@mathmargin=\skip61

For additional information on amsmath, use the `?' option.
(/usr/local/texlive/2021/texmf-dist/tex/latex/amsmath/amstext.sty
Package: amstext 2000/06/29 v2.01 AMS text

(/usr/local/texlive/2021/texmf-dist/tex/latex/amsmath/amsgen.sty
File: amsgen.sty 1999/11/30 v2.0 generic functions
\@emptytoks=\toks28
\ex@=\dimen149
))
(/usr/local/texlive/2021/texmf-dist/tex/latex/amsmath/amsbsy.sty
Package: amsbsy 1999/11/29 v1.2d Bold Symbols
\pmbraise@=\dimen150
)
(/usr/local/texlive/2021/texmf-dist/tex/latex/amsmath/amsopn.sty
Package: amsopn 2016/03/08 v2.02 operator names
)
\inf@bad=\count270
LaTeX Info: Redefining \frac on input line 234.
\uproot@=\count271
\leftroot@=\count272
LaTeX Info: Redefining \overline on input line 399.
\classnum@=\count273
\DOTSCASE@=\count274
LaTeX Info: Redefining \ldots on input line 496.
LaTeX Info: Redefining \dots on input line 499.
LaTeX Info: Redefining \cdots on input line 620.
\Mathstrutbox@=\box48
\strutbox@=\box49
\big@size=\dimen151
LaTeX Font Info:    Redeclaring font encoding OML on input line 743.
LaTeX Font Info:    Redeclaring font encoding OMS on input line 744.
\macc@depth=\count275
\c@MaxMatrixCols=\count276
\dotsspace@=\muskip16
\c@parentequation=\count277
\dspbrk@lvl=\count278
\tag@help=\toks29
\row@=\count279
\column@=\count280
\maxfields@=\count281
\andhelp@=\toks30
\eqnshift@=\dimen152
\alignsep@=\dimen153
\tagshift@=\dimen154
\tagwidth@=\dimen155
\totwidth@=\dimen156
\lineht@=\dimen157
\@envbody=\toks31
\multlinegap=\skip62
\multlinetaggap=\skip63
\mathdisplay@stack=\toks32
LaTeX Info: Redefining \[ on input line 2923.
LaTeX Info: Redefining \] on input line 2924.
)
(/usr/local/texlive/2021/texmf-dist/tex/latex/amsfonts/amssymb.sty
Package: amssymb 2013/01/14 v3.01 AMS font symbols

(/usr/local/texlive/2021/texmf-dist/tex/latex/amsfonts/amsfonts.sty
Package: amsfonts 2013/01/14 v3.01 Basic AMSFonts support
\symAMSa=\mathgroup4
\symAMSb=\mathgroup5
LaTeX Font Info:    Redeclaring math symbol \hbar on input line 98.
LaTeX Font Info:    Overwriting math alphabet `\mathfrak' in version `bold'
(Font)                  U/euf/m/n --> U/euf/b/n on input line 106.
))
(/usr/local/texlive/2021/texmf-dist/tex/latex/amsmath/amscd.sty
Package: amscd 2017/04/14 v2.1 AMS Commutative Diagrams
\athelp@=\toks33
\minaw@=\dimen158
\bigaw@=\dimen159
\minCDarrowwidth=\dimen160
)
(/usr/local/texlive/2021/texmf-dist/tex/latex/tools/calc.sty
Package: calc 2017/05/25 v4.3 Infix arithmetic (KKT,FJ)
\calc@Acount=\count282
\calc@Bcount=\count283
\calc@Adimen=\dimen161
\calc@Bdimen=\dimen162
\calc@Askip=\skip64
\calc@Bskip=\skip65
LaTeX Info: Redefining \setlength on input line 80.
LaTeX Info: Redefining \addtolength on input line 81.
\calc@Ccount=\count284
\calc@Cskip=\skip66
)
(/usr/local/texlive/2021/texmf-dist/tex/latex/graphics/graphicx.sty
Package: graphicx 2020/09/09 v1.2b Enhanced LaTeX Graphics (DPC,SPQR)

(/usr/local/texlive/2021/texmf-dist/tex/latex/graphics/graphics.sty
Package: graphics 2020/08/30 v1.4c Standard LaTeX Graphics (DPC,SPQR)

(/usr/local/texlive/2021/texmf-dist/tex/latex/graphics/trig.sty
Package: trig 2016/01/03 v1.10 sin cos tan (DPC)
)
(/usr/local/texlive/2021/texmf-dist/tex/latex/graphics-cfg/graphics.cfg
File: graphics.cfg 2016/06/04 v1.11 sample graphics configuration
)
Package graphics Info: Driver file: pdftex.def on input line 105.

(/usr/local/texlive/2021/texmf-dist/tex/latex/graphics-def/pdftex.def
File: pdftex.def 2020/10/05 v1.2a Graphics/color driver for pdftex
))
\Gin@req@height=\dimen163
\Gin@req@width=\dimen164
)
(/usr/local/texlive/2021/texmf-dist/tex/latex/float/float.sty
Package: float 2001/11/08 v1.3d Float enhancements (AL)
\c@float@type=\count285
\float@exts=\toks34
\float@box=\box50
\@float@everytoks=\toks35
\@floatcapt=\box51
)
(/usr/local/texlive/2021/texmf-dist/tex/latex/caption/caption.sty
Package: caption 2020/10/26 v3.5g Customizing captions (AR)

(/usr/local/texlive/2021/texmf-dist/tex/latex/caption/caption3.sty
Package: caption3 2020/10/21 v2.2e caption3 kernel (AR)
\captionmargin=\dimen165
\captionmargin@=\dimen166
\captionwidth=\dimen167
\caption@tempdima=\dimen168
\caption@indent=\dimen169
\caption@parindent=\dimen170
\caption@hangindent=\dimen171
Package caption Info: Standard document class detected.
)
\c@caption@flags=\count286
\c@continuedfloat=\count287
Package caption Info: float package is loaded.
)
(/usr/local/texlive/2021/texmf-dist/tex/latex/multirow/multirow.sty
Package: multirow 2021/03/15 v2.8 Span multiple rows of a table
\multirow@colwidth=\skip67
\multirow@cntb=\count288
\multirow@dima=\skip68
\bigstrutjot=\dimen172
)
(/usr/local/texlive/2021/texmf-dist/tex/latex/blindtext/blindtext.sty
Package: blindtext 2012/01/06 V2.0 blindtext-Package

(/usr/local/texlive/2021/texmf-dist/tex/latex/tools/xspace.sty
Package: xspace 2014/10/28 v1.13 Space after command names (DPC,MH)
)
\c@blindtext=\count289
\c@Blindtext=\count290
\c@blind@countparstart=\count291
\blind@countxx=\count292
\blindtext@numBlindtext=\count293
\blind@countyy=\count294
\c@blindlist=\count295
\c@blindlistlevel=\count296
\c@blindlist@level=\count297
\blind@listitem=\count298
\c@blind@listcount=\count299
\c@blind@levelcount=\count300
\blind@mathformula=\count301
\blind@Mathformula=\count302
\c@blind@randomcount=\count303
\c@blind@randommax=\count304
\c@blind@pangramcount=\count305
\c@blind@pangrammax=\count306
)
(/usr/local/texlive/2021/texmf-dist/tex/latex/tools/verbatim.sty
Package: verbatim 2020-07-07 v1.5u LaTeX2e package for verbatim enhancements
\every@verbatim=\toks36
\verbatim@line=\toks37
\verbatim@in@stream=\read3
)
(/usr/local/texlive/2021/texmf-dist/tex/latex/appendix/appendix.sty
Package: appendix 2020/02/08 v1.2c extra appendix facilities
\c@@pps=\count307
\c@@ppsavesec=\count308
\c@@ppsaveapp=\count309
)
(/usr/local/texlive/2021/texmf-dist/tex/latex/setspace/setspace.sty
Package: setspace 2011/12/19 v6.7a set line spacing
)
(/usr/local/texlive/2021/texmf-dist/tex/latex/tools/array.sty
Package: array 2020/10/01 v2.5c Tabular extension package (FMi)
\col@sep=\dimen173
\ar@mcellbox=\box52
\extrarowheight=\dimen174
\NC@list=\toks38
\extratabsurround=\skip69
\backup@length=\skip70
\ar@cellbox=\box53
)
(/usr/local/texlive/2021/texmf-dist/tex/latex/tools/tabularx.sty
Package: tabularx 2020/01/15 v2.11c `tabularx' package (DPC)
\TX@col@width=\dimen175
\TX@old@table=\dimen176
\TX@old@col=\dimen177
\TX@target=\dimen178
\TX@delta=\dimen179
\TX@cols=\count310
\TX@ftn=\toks39
)
(/usr/local/texlive/2021/texmf-dist/tex/latex/booktabs/booktabs.sty
Package: booktabs 2020/01/12 v1.61803398 Publication quality tables
\heavyrulewidth=\dimen180
\lightrulewidth=\dimen181
\cmidrulewidth=\dimen182
\belowrulesep=\dimen183
\belowbottomsep=\dimen184
\aboverulesep=\dimen185
\abovetopsep=\dimen186
\cmidrulesep=\dimen187
\cmidrulekern=\dimen188
\defaultaddspace=\dimen189
\@cmidla=\count311
\@cmidlb=\count312
\@aboverulesep=\dimen190
\@belowrulesep=\dimen191
\@thisruleclass=\count313
\@lastruleclass=\count314
\@thisrulewidth=\dimen192
)
(/usr/local/texlive/2021/texmf-dist/tex/latex/pdflscape/pdflscape.sty
Package: pdflscape 2019/12/05 v0.12 Display of landscape pages in PDF (HO)

(/usr/local/texlive/2021/texmf-dist/tex/latex/graphics/lscape.sty
Package: lscape 2020/05/28 v3.02 Landscape Pages (DPC)
)
Package pdflscape Info: Auto-detected driver: pdftex on input line 81.
)
(/usr/local/texlive/2021/texmf-dist/tex/latex/tools/indentfirst.sty
Package: indentfirst 1995/11/23 v1.03 Indent first paragraph (DPC)
)
(/usr/local/texlive/2021/texmf-dist/tex/latex/hyperref/hyperref.sty
Package: hyperref 2021-02-27 v7.00k Hypertext links for LaTeX

(/usr/local/texlive/2021/texmf-dist/tex/generic/ltxcmds/ltxcmds.sty
Package: ltxcmds 2020-05-10 v1.25 LaTeX kernel commands for general use (HO)
)
(/usr/local/texlive/2021/texmf-dist/tex/generic/pdftexcmds/pdftexcmds.sty
Package: pdftexcmds 2020-06-27 v0.33 Utility functions of pdfTeX for LuaTeX (HO
)

(/usr/local/texlive/2021/texmf-dist/tex/generic/infwarerr/infwarerr.sty
Package: infwarerr 2019/12/03 v1.5 Providing info/warning/error messages (HO)
)
Package pdftexcmds Info: \pdf@primitive is available.
Package pdftexcmds Info: \pdf@ifprimitive is available.
Package pdftexcmds Info: \pdfdraftmode found.
)
(/usr/local/texlive/2021/texmf-dist/tex/generic/kvsetkeys/kvsetkeys.sty
Package: kvsetkeys 2019/12/15 v1.18 Key value parser (HO)
)
(/usr/local/texlive/2021/texmf-dist/tex/generic/kvdefinekeys/kvdefinekeys.sty
Package: kvdefinekeys 2019-12-19 v1.6 Define keys (HO)
)
(/usr/local/texlive/2021/texmf-dist/tex/generic/pdfescape/pdfescape.sty
Package: pdfescape 2019/12/09 v1.15 Implements pdfTeX's escape features (HO)
)
(/usr/local/texlive/2021/texmf-dist/tex/latex/hycolor/hycolor.sty
Package: hycolor 2020-01-27 v1.10 Color options for hyperref/bookmark (HO)
)
(/usr/local/texlive/2021/texmf-dist/tex/latex/letltxmacro/letltxmacro.sty
Package: letltxmacro 2019/12/03 v1.6 Let assignment for LaTeX macros (HO)
)
(/usr/local/texlive/2021/texmf-dist/tex/latex/auxhook/auxhook.sty
Package: auxhook 2019-12-17 v1.6 Hooks for auxiliary files (HO)
)
(/usr/local/texlive/2021/texmf-dist/tex/latex/kvoptions/kvoptions.sty
Package: kvoptions 2020-10-07 v3.14 Key value format for package options (HO)
)
\@linkdim=\dimen193
\Hy@linkcounter=\count315
\Hy@pagecounter=\count316

(/usr/local/texlive/2021/texmf-dist/tex/latex/hyperref/pd1enc.def
File: pd1enc.def 2021-02-27 v7.00k Hyperref: PDFDocEncoding definition (HO)
Now handling font encoding PD1 ...
... no UTF-8 mapping file for font encoding PD1
)
(/usr/local/texlive/2021/texmf-dist/tex/latex/hyperref/hyperref-langpatches.def
File: hyperref-langpatches.def 2021-02-27 v7.00k Hyperref: patches for babel la
nguages
) (/usr/local/texlive/2021/texmf-dist/tex/generic/intcalc/intcalc.sty
Package: intcalc 2019/12/15 v1.3 Expandable calculations with integers (HO)
)
(/usr/local/texlive/2021/texmf-dist/tex/generic/etexcmds/etexcmds.sty
Package: etexcmds 2019/12/15 v1.7 Avoid name clashes with e-TeX commands (HO)
)
\Hy@SavedSpaceFactor=\count317

(/usr/local/texlive/2021/texmf-dist/tex/latex/hyperref/puenc.def
File: puenc.def 2021-02-27 v7.00k Hyperref: PDF Unicode definition (HO)
Now handling font encoding PU ...
... no UTF-8 mapping file for font encoding PU
)
Package hyperref Info: Hyper figures OFF on input line 4192.
Package hyperref Info: Link nesting OFF on input line 4197.
Package hyperref Info: Hyper index ON on input line 4200.
Package hyperref Info: Plain pages OFF on input line 4207.
Package hyperref Info: Backreferencing OFF on input line 4212.
Package hyperref Info: Implicit mode ON; LaTeX internals redefined.
Package hyperref Info: Bookmarks ON on input line 4445.
\c@Hy@tempcnt=\count318

(/usr/local/texlive/2021/texmf-dist/tex/latex/url/url.sty
\Urlmuskip=\muskip17
Package: url 2013/09/16  ver 3.4  Verb mode for urls, etc.
)
LaTeX Info: Redefining \url on input line 4804.
\XeTeXLinkMargin=\dimen194

(/usr/local/texlive/2021/texmf-dist/tex/generic/bitset/bitset.sty
Package: bitset 2019/12/09 v1.3 Handle bit-vector datatype (HO)

(/usr/local/texlive/2021/texmf-dist/tex/generic/bigintcalc/bigintcalc.sty
Package: bigintcalc 2019/12/15 v1.5 Expandable calculations on big integers (HO
)
))
\Fld@menulength=\count319
\Field@Width=\dimen195
\Fld@charsize=\dimen196
Package hyperref Info: Hyper figures OFF on input line 6075.
Package hyperref Info: Link nesting OFF on input line 6080.
Package hyperref Info: Hyper index ON on input line 6083.
Package hyperref Info: backreferencing OFF on input line 6090.
Package hyperref Info: Link coloring OFF on input line 6095.
Package hyperref Info: Link coloring with OCG OFF on input line 6100.
Package hyperref Info: PDF/A mode OFF on input line 6105.
LaTeX Info: Redefining \ref on input line 6145.
LaTeX Info: Redefining \pageref on input line 6149.

(/usr/local/texlive/2021/texmf-dist/tex/latex/base/atbegshi-ltx.sty
Package: atbegshi-ltx 2020/08/17 v1.0a Emulation of the original atbegshi packa
ge
with kernel methods
)
\Hy@abspage=\count320
\c@Item=\count321
\c@Hfootnote=\count322
)
Package hyperref Info: Driver (autodetected): hpdftex.

(/usr/local/texlive/2021/texmf-dist/tex/latex/hyperref/hpdftex.def
File: hpdftex.def 2021-02-27 v7.00k Hyperref driver for pdfTeX

(/usr/local/texlive/2021/texmf-dist/tex/latex/base/atveryend-ltx.sty
Package: atveryend-ltx 2020/08/19 v1.0a Emulation of the original atvery packag
e
with kernel methods
)
\Fld@listcount=\count323
\c@bookmark@seq@number=\count324

(/usr/local/texlive/2021/texmf-dist/tex/latex/rerunfilecheck/rerunfilecheck.sty
Package: rerunfilecheck 2019/12/05 v1.9 Rerun checks for auxiliary files (HO)

(/usr/local/texlive/2021/texmf-dist/tex/generic/uniquecounter/uniquecounter.sty
Package: uniquecounter 2019/12/15 v1.4 Provide unlimited unique counter (HO)
)
Package uniquecounter Info: New unique counter `rerunfilecheck' on input line 2
86.
)
\Hy@SectionHShift=\skip71
)
Package hyperref Info: Option `breaklinks' set `true' on input line 68.
 (/usr/local/texlive/2021/texmf-dist/tex/latex/tocloft/tocloft.sty
Package: tocloft 2017/08/31 v2.3i parameterised ToC, etc., typesetting
Package tocloft Info: The document has chapter divisions on input line 51.
\cftparskip=\skip72
\cftbeforetoctitleskip=\skip73
\cftaftertoctitleskip=\skip74
\cftbeforepartskip=\skip75
\cftpartnumwidth=\skip76
\cftpartindent=\skip77
\cftbeforechapskip=\skip78
\cftchapindent=\skip79
\cftchapnumwidth=\skip80
\cftbeforesecskip=\skip81
\cftsecindent=\skip82
\cftsecnumwidth=\skip83
\cftbeforesubsecskip=\skip84
\cftsubsecindent=\skip85
\cftsubsecnumwidth=\skip86
\cftbeforesubsubsecskip=\skip87
\cftsubsubsecindent=\skip88
\cftsubsubsecnumwidth=\skip89
\cftbeforeparaskip=\skip90
\cftparaindent=\skip91
\cftparanumwidth=\skip92
\cftbeforesubparaskip=\skip93
\cftsubparaindent=\skip94
\cftsubparanumwidth=\skip95
\cftbeforeloftitleskip=\skip96
\cftafterloftitleskip=\skip97
\cftbeforefigskip=\skip98
\cftfigindent=\skip99
\cftfignumwidth=\skip100
\c@lofdepth=\count325
\c@lotdepth=\count326
\cftbeforelottitleskip=\skip101
\cftafterlottitleskip=\skip102
\cftbeforetabskip=\skip103
\cfttabindent=\skip104
\cfttabnumwidth=\skip105
)
(/usr/local/texlive/2021/texmf-dist/tex/latex/parskip/parskip.sty
Package: parskip 2021-03-14 v2.0h non-zero parskip adjustments
)
(/usr/local/texlive/2021/texmf-dist/tex/latex/titlesec/titlesec.sty
Package: titlesec 2019/10/16 v2.13 Sectioning titles
\ttl@box=\box54
\beforetitleunit=\skip106
\aftertitleunit=\skip107
\ttl@plus=\dimen197
\ttl@minus=\dimen198
\ttl@toksa=\toks40
\titlewidth=\dimen199
\titlewidthlast=\dimen256
\titlewidthfirst=\dimen257
)
(/usr/local/texlive/2021/texmf-dist/tex/latex/graphics/color.sty
Package: color 2020/02/24 v1.2b Standard LaTeX Color (DPC)

(/usr/local/texlive/2021/texmf-dist/tex/latex/graphics-cfg/color.cfg
File: color.cfg 2016/01/02 v1.6 sample color configuration
)
Package color Info: Driver file: pdftex.def on input line 147.
)
(/usr/local/texlive/2021/texmf-dist/tex/latex/colortbl/colortbl.sty
Package: colortbl 2020/01/04 v1.0e Color table columns (DPC)
\everycr=\toks41
\minrowclearance=\skip108
)
(/usr/local/texlive/2021/texmf-dist/tex/latex/xcolor/xcolor.sty
Package: xcolor 2016/05/11 v2.12 LaTeX color extensions (UK)

(/usr/local/texlive/2021/texmf-dist/tex/latex/graphics-cfg/color.cfg
File: color.cfg 2016/01/02 v1.6 sample color configuration
)
Package xcolor Info: Driver file: pdftex.def on input line 225.
LaTeX Info: Redefining \color on input line 709.
Package xcolor Info: Model `cmy' substituted by `cmy0' on input line 1348.
Package xcolor Info: Model `hsb' substituted by `rgb' on input line 1352.
Package xcolor Info: Model `RGB' extended on input line 1364.
Package xcolor Info: Model `HTML' substituted by `rgb' on input line 1366.
Package xcolor Info: Model `Hsb' substituted by `hsb' on input line 1367.
Package xcolor Info: Model `tHsb' substituted by `hsb' on input line 1368.
Package xcolor Info: Model `HSB' substituted by `hsb' on input line 1369.
Package xcolor Info: Model `Gray' substituted by `gray' on input line 1370.
Package xcolor Info: Model `wave' substituted by `hsb' on input line 1371.
)
(/usr/local/texlive/2021/texmf-dist/tex/latex/pgf/frontendlayer/tikz.sty
(/usr/local/texlive/2021/texmf-dist/tex/latex/pgf/basiclayer/pgf.sty
(/usr/local/texlive/2021/texmf-dist/tex/latex/pgf/utilities/pgfrcs.sty
(/usr/local/texlive/2021/texmf-dist/tex/generic/pgf/utilities/pgfutil-common.te
x
\pgfutil@everybye=\toks42
\pgfutil@tempdima=\dimen258
\pgfutil@tempdimb=\dimen259

(/usr/local/texlive/2021/texmf-dist/tex/generic/pgf/utilities/pgfutil-common-li
sts.tex))
(/usr/local/texlive/2021/texmf-dist/tex/generic/pgf/utilities/pgfutil-latex.def
\pgfutil@abb=\box55
) (/usr/local/texlive/2021/texmf-dist/tex/generic/pgf/utilities/pgfrcs.code.tex
(/usr/local/texlive/2021/texmf-dist/tex/generic/pgf/pgf.revision.tex)
Package: pgfrcs 2021/05/15 v3.1.9a (3.1.9a)
))
Package: pgf 2021/05/15 v3.1.9a (3.1.9a)

(/usr/local/texlive/2021/texmf-dist/tex/latex/pgf/basiclayer/pgfcore.sty
(/usr/local/texlive/2021/texmf-dist/tex/latex/pgf/systemlayer/pgfsys.sty
(/usr/local/texlive/2021/texmf-dist/tex/generic/pgf/systemlayer/pgfsys.code.tex
Package: pgfsys 2021/05/15 v3.1.9a (3.1.9a)
(/usr/local/texlive/2021/texmf-dist/tex/generic/pgf/utilities/pgfkeys.code.tex
\pgfkeys@pathtoks=\toks43
\pgfkeys@temptoks=\toks44

(/usr/local/texlive/2021/texmf-dist/tex/generic/pgf/utilities/pgfkeysfiltered.c
ode.tex
\pgfkeys@tmptoks=\toks45
))
\pgf@x=\dimen260
\pgf@y=\dimen261
\pgf@xa=\dimen262
\pgf@ya=\dimen263
\pgf@xb=\dimen264
\pgf@yb=\dimen265
\pgf@xc=\dimen266
\pgf@yc=\dimen267
\pgf@xd=\dimen268
\pgf@yd=\dimen269
\w@pgf@writea=\write3
\r@pgf@reada=\read4
\c@pgf@counta=\count327
\c@pgf@countb=\count328
\c@pgf@countc=\count329
\c@pgf@countd=\count330
\t@pgf@toka=\toks46
\t@pgf@tokb=\toks47
\t@pgf@tokc=\toks48
\pgf@sys@id@count=\count331

(/usr/local/texlive/2021/texmf-dist/tex/generic/pgf/systemlayer/pgf.cfg
File: pgf.cfg 2021/05/15 v3.1.9a (3.1.9a)
)
Driver file for pgf: pgfsys-pdftex.def

(/usr/local/texlive/2021/texmf-dist/tex/generic/pgf/systemlayer/pgfsys-pdftex.d
ef
File: pgfsys-pdftex.def 2021/05/15 v3.1.9a (3.1.9a)

(/usr/local/texlive/2021/texmf-dist/tex/generic/pgf/systemlayer/pgfsys-common-p
df.def
File: pgfsys-common-pdf.def 2021/05/15 v3.1.9a (3.1.9a)
)))
(/usr/local/texlive/2021/texmf-dist/tex/generic/pgf/systemlayer/pgfsyssoftpath.
code.tex
File: pgfsyssoftpath.code.tex 2021/05/15 v3.1.9a (3.1.9a)
\pgfsyssoftpath@smallbuffer@items=\count332
\pgfsyssoftpath@bigbuffer@items=\count333
)
(/usr/local/texlive/2021/texmf-dist/tex/generic/pgf/systemlayer/pgfsysprotocol.
code.tex
File: pgfsysprotocol.code.tex 2021/05/15 v3.1.9a (3.1.9a)
))
(/usr/local/texlive/2021/texmf-dist/tex/generic/pgf/basiclayer/pgfcore.code.tex
Package: pgfcore 2021/05/15 v3.1.9a (3.1.9a)
(/usr/local/texlive/2021/texmf-dist/tex/generic/pgf/math/pgfmath.code.tex
(/usr/local/texlive/2021/texmf-dist/tex/generic/pgf/math/pgfmathcalc.code.tex
(/usr/local/texlive/2021/texmf-dist/tex/generic/pgf/math/pgfmathutil.code.tex)
(/usr/local/texlive/2021/texmf-dist/tex/generic/pgf/math/pgfmathparser.code.tex
\pgfmath@dimen=\dimen270
\pgfmath@count=\count334
\pgfmath@box=\box56
\pgfmath@toks=\toks49
\pgfmath@stack@operand=\toks50
\pgfmath@stack@operation=\toks51
)
(/usr/local/texlive/2021/texmf-dist/tex/generic/pgf/math/pgfmathfunctions.code.
tex
(/usr/local/texlive/2021/texmf-dist/tex/generic/pgf/math/pgfmathfunctions.basic
.code.tex)
(/usr/local/texlive/2021/texmf-dist/tex/generic/pgf/math/pgfmathfunctions.trigo
nometric.code.tex)
(/usr/local/texlive/2021/texmf-dist/tex/generic/pgf/math/pgfmathfunctions.rando
m.code.tex)
(/usr/local/texlive/2021/texmf-dist/tex/generic/pgf/math/pgfmathfunctions.compa
rison.code.tex)
(/usr/local/texlive/2021/texmf-dist/tex/generic/pgf/math/pgfmathfunctions.base.
code.tex)
(/usr/local/texlive/2021/texmf-dist/tex/generic/pgf/math/pgfmathfunctions.round
.code.tex)
(/usr/local/texlive/2021/texmf-dist/tex/generic/pgf/math/pgfmathfunctions.misc.
code.tex)
(/usr/local/texlive/2021/texmf-dist/tex/generic/pgf/math/pgfmathfunctions.integ
erarithmetics.code.tex)))
(/usr/local/texlive/2021/texmf-dist/tex/generic/pgf/math/pgfmathfloat.code.tex
\c@pgfmathroundto@lastzeros=\count335
)) (/usr/local/texlive/2021/texmf-dist/tex/generic/pgf/math/pgfint.code.tex)
(/usr/local/texlive/2021/texmf-dist/tex/generic/pgf/basiclayer/pgfcorepoints.co
de.tex
File: pgfcorepoints.code.tex 2021/05/15 v3.1.9a (3.1.9a)
\pgf@picminx=\dimen271
\pgf@picmaxx=\dimen272
\pgf@picminy=\dimen273
\pgf@picmaxy=\dimen274
\pgf@pathminx=\dimen275
\pgf@pathmaxx=\dimen276
\pgf@pathminy=\dimen277
\pgf@pathmaxy=\dimen278
\pgf@xx=\dimen279
\pgf@xy=\dimen280
\pgf@yx=\dimen281
\pgf@yy=\dimen282
\pgf@zx=\dimen283
\pgf@zy=\dimen284
)
(/usr/local/texlive/2021/texmf-dist/tex/generic/pgf/basiclayer/pgfcorepathconst
ruct.code.tex
File: pgfcorepathconstruct.code.tex 2021/05/15 v3.1.9a (3.1.9a)
\pgf@path@lastx=\dimen285
\pgf@path@lasty=\dimen286
)
(/usr/local/texlive/2021/texmf-dist/tex/generic/pgf/basiclayer/pgfcorepathusage
.code.tex
File: pgfcorepathusage.code.tex 2021/05/15 v3.1.9a (3.1.9a)
\pgf@shorten@end@additional=\dimen287
\pgf@shorten@start@additional=\dimen288
)
(/usr/local/texlive/2021/texmf-dist/tex/generic/pgf/basiclayer/pgfcorescopes.co
de.tex
File: pgfcorescopes.code.tex 2021/05/15 v3.1.9a (3.1.9a)
\pgfpic=\box57
\pgf@hbox=\box58
\pgf@layerbox@main=\box59
\pgf@picture@serial@count=\count336
)
(/usr/local/texlive/2021/texmf-dist/tex/generic/pgf/basiclayer/pgfcoregraphicst
ate.code.tex
File: pgfcoregraphicstate.code.tex 2021/05/15 v3.1.9a (3.1.9a)
\pgflinewidth=\dimen289
)
(/usr/local/texlive/2021/texmf-dist/tex/generic/pgf/basiclayer/pgfcoretransform
ations.code.tex
File: pgfcoretransformations.code.tex 2021/05/15 v3.1.9a (3.1.9a)
\pgf@pt@x=\dimen290
\pgf@pt@y=\dimen291
\pgf@pt@temp=\dimen292
)
(/usr/local/texlive/2021/texmf-dist/tex/generic/pgf/basiclayer/pgfcorequick.cod
e.tex
File: pgfcorequick.code.tex 2021/05/15 v3.1.9a (3.1.9a)
)
(/usr/local/texlive/2021/texmf-dist/tex/generic/pgf/basiclayer/pgfcoreobjects.c
ode.tex
File: pgfcoreobjects.code.tex 2021/05/15 v3.1.9a (3.1.9a)
)
(/usr/local/texlive/2021/texmf-dist/tex/generic/pgf/basiclayer/pgfcorepathproce
ssing.code.tex
File: pgfcorepathprocessing.code.tex 2021/05/15 v3.1.9a (3.1.9a)
)
(/usr/local/texlive/2021/texmf-dist/tex/generic/pgf/basiclayer/pgfcorearrows.co
de.tex
File: pgfcorearrows.code.tex 2021/05/15 v3.1.9a (3.1.9a)
\pgfarrowsep=\dimen293
)
(/usr/local/texlive/2021/texmf-dist/tex/generic/pgf/basiclayer/pgfcoreshade.cod
e.tex
File: pgfcoreshade.code.tex 2021/05/15 v3.1.9a (3.1.9a)
\pgf@max=\dimen294
\pgf@sys@shading@range@num=\count337
\pgf@shadingcount=\count338
)
(/usr/local/texlive/2021/texmf-dist/tex/generic/pgf/basiclayer/pgfcoreimage.cod
e.tex
File: pgfcoreimage.code.tex 2021/05/15 v3.1.9a (3.1.9a)

(/usr/local/texlive/2021/texmf-dist/tex/generic/pgf/basiclayer/pgfcoreexternal.
code.tex
File: pgfcoreexternal.code.tex 2021/05/15 v3.1.9a (3.1.9a)
\pgfexternal@startupbox=\box60
))
(/usr/local/texlive/2021/texmf-dist/tex/generic/pgf/basiclayer/pgfcorelayers.co
de.tex
File: pgfcorelayers.code.tex 2021/05/15 v3.1.9a (3.1.9a)
)
(/usr/local/texlive/2021/texmf-dist/tex/generic/pgf/basiclayer/pgfcoretranspare
ncy.code.tex
File: pgfcoretransparency.code.tex 2021/05/15 v3.1.9a (3.1.9a)
)
(/usr/local/texlive/2021/texmf-dist/tex/generic/pgf/basiclayer/pgfcorepatterns.
code.tex
File: pgfcorepatterns.code.tex 2021/05/15 v3.1.9a (3.1.9a)
)
(/usr/local/texlive/2021/texmf-dist/tex/generic/pgf/basiclayer/pgfcorerdf.code.
tex
File: pgfcorerdf.code.tex 2021/05/15 v3.1.9a (3.1.9a)
)))
(/usr/local/texlive/2021/texmf-dist/tex/generic/pgf/modules/pgfmoduleshapes.cod
e.tex
File: pgfmoduleshapes.code.tex 2021/05/15 v3.1.9a (3.1.9a)
\pgfnodeparttextbox=\box61
)
(/usr/local/texlive/2021/texmf-dist/tex/generic/pgf/modules/pgfmoduleplot.code.
tex
File: pgfmoduleplot.code.tex 2021/05/15 v3.1.9a (3.1.9a)
)
(/usr/local/texlive/2021/texmf-dist/tex/latex/pgf/compatibility/pgfcomp-version
-0-65.sty
Package: pgfcomp-version-0-65 2021/05/15 v3.1.9a (3.1.9a)
\pgf@nodesepstart=\dimen295
\pgf@nodesepend=\dimen296
)
(/usr/local/texlive/2021/texmf-dist/tex/latex/pgf/compatibility/pgfcomp-version
-1-18.sty
Package: pgfcomp-version-1-18 2021/05/15 v3.1.9a (3.1.9a)
))
(/usr/local/texlive/2021/texmf-dist/tex/latex/pgf/utilities/pgffor.sty
(/usr/local/texlive/2021/texmf-dist/tex/latex/pgf/utilities/pgfkeys.sty
(/usr/local/texlive/2021/texmf-dist/tex/generic/pgf/utilities/pgfkeys.code.tex)
) (/usr/local/texlive/2021/texmf-dist/tex/latex/pgf/math/pgfmath.sty
(/usr/local/texlive/2021/texmf-dist/tex/generic/pgf/math/pgfmath.code.tex))
(/usr/local/texlive/2021/texmf-dist/tex/generic/pgf/utilities/pgffor.code.tex
Package: pgffor 2021/05/15 v3.1.9a (3.1.9a)

(/usr/local/texlive/2021/texmf-dist/tex/generic/pgf/math/pgfmath.code.tex)
\pgffor@iter=\dimen297
\pgffor@skip=\dimen298
\pgffor@stack=\toks52
\pgffor@toks=\toks53
))
(/usr/local/texlive/2021/texmf-dist/tex/generic/pgf/frontendlayer/tikz/tikz.cod
e.tex
Package: tikz 2021/05/15 v3.1.9a (3.1.9a)

(/usr/local/texlive/2021/texmf-dist/tex/generic/pgf/libraries/pgflibraryplothan
dlers.code.tex
File: pgflibraryplothandlers.code.tex 2021/05/15 v3.1.9a (3.1.9a)
\pgf@plot@mark@count=\count339
\pgfplotmarksize=\dimen299
)
\tikz@lastx=\dimen300
\tikz@lasty=\dimen301
\tikz@lastxsaved=\dimen302
\tikz@lastysaved=\dimen303
\tikz@lastmovetox=\dimen304
\tikz@lastmovetoy=\dimen305
\tikzleveldistance=\dimen306
\tikzsiblingdistance=\dimen307
\tikz@figbox=\box62
\tikz@figbox@bg=\box63
\tikz@tempbox=\box64
\tikz@tempbox@bg=\box65
\tikztreelevel=\count340
\tikznumberofchildren=\count341
\tikznumberofcurrentchild=\count342
\tikz@fig@count=\count343

(/usr/local/texlive/2021/texmf-dist/tex/generic/pgf/modules/pgfmodulematrix.cod
e.tex
File: pgfmodulematrix.code.tex 2021/05/15 v3.1.9a (3.1.9a)
\pgfmatrixcurrentrow=\count344
\pgfmatrixcurrentcolumn=\count345
\pgf@matrix@numberofcolumns=\count346
)
\tikz@expandcount=\count347

(/usr/local/texlive/2021/texmf-dist/tex/generic/pgf/frontendlayer/tikz/librarie
s/tikzlibrarytopaths.code.tex
File: tikzlibrarytopaths.code.tex 2021/05/15 v3.1.9a (3.1.9a)
)))
(/usr/local/texlive/2021/texmf-dist/tex/latex/pgfplots/pgfplots.sty
(/usr/local/texlive/2021/texmf-dist/tex/generic/pgfplots/pgfplots.revision.tex)
Package: pgfplots 2021/05/15 v1.18.1 Data Visualization (1.18.1)
(/usr/local/texlive/2021/texmf-dist/tex/generic/pgfplots/pgfplots.code.tex
(/usr/local/texlive/2021/texmf-dist/tex/generic/pgfplots/pgfplotscore.code.tex
\t@pgfplots@toka=\toks54
\t@pgfplots@tokb=\toks55
\t@pgfplots@tokc=\toks56
\pgfplots@tmpa=\dimen308
\c@pgfplots@coordindex=\count348
\c@pgfplots@scanlineindex=\count349

(/usr/local/texlive/2021/texmf-dist/tex/generic/pgfplots/sys/pgfplotssysgeneric
.code.tex))
(/usr/local/texlive/2021/texmf-dist/tex/generic/pgfplots/libs/pgfplotslibrary.c
ode.tex)
(/usr/local/texlive/2021/texmf-dist/tex/generic/pgfplots/oldpgfcompatib/pgfplot
soldpgfsupp_loader.code.tex
(/usr/local/texlive/2021/texmf-dist/tex/generic/pgf/libraries/pgflibraryfpu.cod
e.tex))
(/usr/local/texlive/2021/texmf-dist/tex/generic/pgfplots/util/pgfplotsutil.code
.tex
(/usr/local/texlive/2021/texmf-dist/tex/generic/pgfplots/liststructure/pgfplots
liststructure.code.tex)
(/usr/local/texlive/2021/texmf-dist/tex/generic/pgfplots/liststructure/pgfplots
liststructureext.code.tex)
(/usr/local/texlive/2021/texmf-dist/tex/generic/pgfplots/liststructure/pgfplots
array.code.tex
\c@pgfplotsarray@tmp=\count350
)
(/usr/local/texlive/2021/texmf-dist/tex/generic/pgfplots/liststructure/pgfplots
matrix.code.tex)
(/usr/local/texlive/2021/texmf-dist/tex/generic/pgfplots/numtable/pgfplotstable
shared.code.tex
\c@pgfplotstable@counta=\count351
\t@pgfplotstable@a=\toks57
)
(/usr/local/texlive/2021/texmf-dist/tex/generic/pgfplots/liststructure/pgfplots
deque.code.tex)
(/usr/local/texlive/2021/texmf-dist/tex/generic/pgfplots/util/pgfplotsbinary.co
de.tex
(/usr/local/texlive/2021/texmf-dist/tex/generic/pgfplots/util/pgfplotsbinary.da
ta.code.tex))
(/usr/local/texlive/2021/texmf-dist/tex/generic/pgfplots/util/pgfplotsutil.verb
.code.tex)
(/usr/local/texlive/2021/texmf-dist/tex/generic/pgfplots/libs/pgflibrarypgfplot
s.surfshading.code.tex
\c@pgfplotslibrarysurf@no=\count352

(/usr/local/texlive/2021/texmf-dist/tex/generic/pgfplots/sys/pgflibrarypgfplots
.surfshading.pgfsys-pdftex.def)))
(/usr/local/texlive/2021/texmf-dist/tex/generic/pgfplots/util/pgfplotscolormap.
code.tex
(/usr/local/texlive/2021/texmf-dist/tex/generic/pgfplots/util/pgfplotscolor.cod
e.tex))
(/usr/local/texlive/2021/texmf-dist/tex/generic/pgfplots/pgfplotsstackedplots.c
ode.tex)
(/usr/local/texlive/2021/texmf-dist/tex/generic/pgfplots/pgfplotsplothandlers.c
ode.tex
(/usr/local/texlive/2021/texmf-dist/tex/generic/pgfplots/pgfplotsmeshplothandle
r.code.tex
(/usr/local/texlive/2021/texmf-dist/tex/generic/pgfplots/pgfplotsmeshplotimage.
code.tex)))
(/usr/local/texlive/2021/texmf-dist/tex/generic/pgfplots/pgfplots.scaling.code.
tex)
(/usr/local/texlive/2021/texmf-dist/tex/generic/pgfplots/pgfplotscoordprocessin
g.code.tex)
(/usr/local/texlive/2021/texmf-dist/tex/generic/pgfplots/pgfplots.errorbars.cod
e.tex)
(/usr/local/texlive/2021/texmf-dist/tex/generic/pgfplots/pgfplots.markers.code.
tex)
(/usr/local/texlive/2021/texmf-dist/tex/generic/pgfplots/pgfplotsticks.code.tex
)
(/usr/local/texlive/2021/texmf-dist/tex/generic/pgfplots/pgfplots.paths.code.te
x)
(/usr/local/texlive/2021/texmf-dist/tex/generic/pgf/frontendlayer/tikz/librarie
s/tikzlibrarydecorations.code.tex
(/usr/local/texlive/2021/texmf-dist/tex/generic/pgf/modules/pgfmoduledecoration
s.code.tex
\pgfdecoratedcompleteddistance=\dimen309
\pgfdecoratedremainingdistance=\dimen310
\pgfdecoratedinputsegmentcompleteddistance=\dimen311
\pgfdecoratedinputsegmentremainingdistance=\dimen312
\pgf@decorate@distancetomove=\dimen313
\pgf@decorate@repeatstate=\count353
\pgfdecorationsegmentamplitude=\dimen314
\pgfdecorationsegmentlength=\dimen315
)
\tikz@lib@dec@box=\box66
)
(/usr/local/texlive/2021/texmf-dist/tex/generic/pgf/frontendlayer/tikz/librarie
s/tikzlibrarydecorations.pathmorphing.code.tex
(/usr/local/texlive/2021/texmf-dist/tex/generic/pgf/libraries/decorations/pgfli
brarydecorations.pathmorphing.code.tex))
(/usr/local/texlive/2021/texmf-dist/tex/generic/pgf/frontendlayer/tikz/librarie
s/tikzlibrarydecorations.pathreplacing.code.tex
(/usr/local/texlive/2021/texmf-dist/tex/generic/pgf/libraries/decorations/pgfli
brarydecorations.pathreplacing.code.tex))
(/usr/local/texlive/2021/texmf-dist/tex/generic/pgfplots/libs/tikzlibrarypgfplo
ts.contourlua.code.tex)
\pgfplots@numplots=\count354
\pgfplots@xmin@reg=\dimen316
\pgfplots@xmax@reg=\dimen317
\pgfplots@ymin@reg=\dimen318
\pgfplots@ymax@reg=\dimen319
\pgfplots@zmin@reg=\dimen320
\pgfplots@zmax@reg=\dimen321
)
(/usr/local/texlive/2021/texmf-dist/tex/generic/pgf/frontendlayer/tikz/librarie
s/tikzlibraryplotmarks.code.tex
File: tikzlibraryplotmarks.code.tex 2021/05/15 v3.1.9a (3.1.9a)

(/usr/local/texlive/2021/texmf-dist/tex/generic/pgf/libraries/pgflibraryplotmar
ks.code.tex
File: pgflibraryplotmarks.code.tex 2021/05/15 v3.1.9a (3.1.9a)
)))
(/usr/local/texlive/2021/texmf-dist/tex/latex/tools/enumerate.sty
Package: enumerate 2015/07/23 v3.00 enumerate extensions (DPC)
\@enLab=\toks58
)
(/usr/local/texlive/2021/texmf-dist/tex/latex/enumitem/enumitem.sty
Package: enumitem 2019/06/20 v3.9 Customized lists
\labelindent=\skip109
\enit@outerparindent=\dimen322
\enit@toks=\toks59
\enit@inbox=\box67
\enit@count@id=\count355
\enitdp@description=\count356
)
(/usr/local/texlive/2021/texmf-dist/tex/latex/natbib/natbib.sty
Package: natbib 2010/09/13 8.31b (PWD, AO)
\bibhang=\skip110
\bibsep=\skip111
LaTeX Info: Redefining \cite on input line 694.
\c@NAT@ctr=\count357
)
\mylen=\skip112
\mylent=\skip113
\mylenf=\skip114
\cosup@cnt=\count358
\comm@cnt=\count359
)
(/usr/local/texlive/2021/texmf-dist/tex/generic/pgfplots/libs/tikzlibrarypgfplo
ts.dateplot.code.tex
(/usr/local/texlive/2021/texmf-dist/tex/latex/pgf/utilities/pgfcalendar.sty
(/usr/local/texlive/2021/texmf-dist/tex/generic/pgf/utilities/pgfcalendar.code.
tex
File: pgfcalendar.code.tex 2021/05/15 v3.1.9a (3.1.9a)
 (/usr/local/texlive/2021/texmf-dist/tex/generic/pgf/math/pgfint.code.tex)
\pgfcalendarcurrentjulian=\count360
\pgf@cal@easter@Y=\count361
\pgf@cal@easter@G=\count362
\pgf@cal@easter@C=\count363
\pgf@cal@easter@X=\count364
\pgf@cal@easter@Z=\count365
\pgf@cal@easter@D=\count366
\pgf@cal@easter@E=\count367
\pgf@cal@easter@N=\count368
\pgf@cal@easter@M=\count369
\pgf@cal@easter@julianday=\count370
))) (/usr/local/texlive/2021/texmf-dist/tex/latex/natbib/bibentry.sty
Package: bibentry 2007/10/30 1.5 (PWD)
)
Package csquotes Info: Checking for multilingual support...
Package csquotes Info: ... found 'babel' package.
Package csquotes Info: Adjusting default style.
Package csquotes Info: Redefining alias 'default' -> 'english'.

(./ssk_thes.aux (./printpratsi.aux) (./abstract.aux) (./intro.aux)
(./chapter1.aux) (./chapter2.aux) (./chapter3.aux) (./conc.aux) (./appendix.aux
))
\openout1 = `ssk_thes.aux'.

LaTeX Font Info:    Checking defaults for OML/cmm/m/it on input line 41.
LaTeX Font Info:    ... okay on input line 41.
LaTeX Font Info:    Checking defaults for OMS/cmsy/m/n on input line 41.
LaTeX Font Info:    ... okay on input line 41.
LaTeX Font Info:    Checking defaults for OT1/cmr/m/n on input line 41.
LaTeX Font Info:    ... okay on input line 41.
LaTeX Font Info:    Checking defaults for T1/cmr/m/n on input line 41.
LaTeX Font Info:    ... okay on input line 41.
LaTeX Font Info:    Checking defaults for TS1/cmr/m/n on input line 41.
LaTeX Font Info:    ... okay on input line 41.
LaTeX Font Info:    Checking defaults for OMX/cmex/m/n on input line 41.
LaTeX Font Info:    ... okay on input line 41.
LaTeX Font Info:    Checking defaults for U/cmr/m/n on input line 41.
LaTeX Font Info:    ... okay on input line 41.
LaTeX Font Info:    Checking defaults for T2A/cmr/m/n on input line 41.
LaTeX Font Info:    Trying to load font information for T2A+cmr on input line 4
1.
 (/usr/local/texlive/2021/texmf-dist/tex/latex/cyrillic/t2acmr.fd
File: t2acmr.fd 2001/08/11 v1.0a Computer Modern Cyrillic font definitions
)
LaTeX Font Info:    ... okay on input line 41.
LaTeX Font Info:    Checking defaults for PD1/pdf/m/n on input line 41.
LaTeX Font Info:    ... okay on input line 41.
LaTeX Font Info:    Checking defaults for PU/pdf/m/n on input line 41.
LaTeX Font Info:    ... okay on input line 41.

*geometry* driver: auto-detecting
*geometry* detected driver: pdftex
*geometry* verbose mode - [ preamble ] result:
* driver: pdftex
* paper: a4paper
* layout: <same size as paper>
* layoutoffset:(h,v)=(0.0pt,0.0pt)
* modes: 
* h-part:(L,W,R)=(56.9055pt, 512.14963pt, 28.45274pt)
* v-part:(T,H,B)=(71.13188pt, 717.00946pt, 56.9055pt)
* \paperwidth=597.50787pt
* \paperheight=845.04684pt
* \textwidth=512.14963pt
* \textheight=717.00946pt
* \oddsidemargin=-15.36449pt
* \evensidemargin=-15.36449pt
* \topmargin=-40.1381pt
* \headheight=14.0pt
* \headsep=25.0pt
* \topskip=14.0pt
* \footskip=30.0pt
* \marginparwidth=24.0pt
* \marginparsep=10.0pt
* \columnsep=10.0pt
* \skip\footins=12.0pt plus 4.0pt minus 2.0pt
* \hoffset=0.0pt
* \voffset=0.0pt
* \mag=1000
* \@twocolumnfalse
* \@twosidefalse
* \@mparswitchfalse
* \@reversemarginfalse
* (1in=72.27pt=25.4mm, 1cm=28.453pt)

\c@mv@tabular=\count371
\c@mv@boldtabular=\count372
LaTeX Info: Redefining \th on input line 41.
(/usr/local/texlive/2021/texmf-dist/tex/context/base/mkii/supp-pdf.mkii
[Loading MPS to PDF converter (version 2006.09.02).]
\scratchcounter=\count373
\scratchdimen=\dimen323
\scratchbox=\box68
\nofMPsegments=\count374
\nofMParguments=\count375
\everyMPshowfont=\toks60
\MPscratchCnt=\count376
\MPscratchDim=\dimen324
\MPnumerator=\count377
\makeMPintoPDFobject=\count378
\everyMPtoPDFconversion=\toks61
) (/usr/local/texlive/2021/texmf-dist/tex/latex/epstopdf-pkg/epstopdf-base.sty
Package: epstopdf-base 2020-01-24 v2.11 Base part for package epstopdf
Package epstopdf-base Info: Redefining graphics rule for `.eps' on input line 4
85.

(/usr/local/texlive/2021/texmf-dist/tex/latex/latexconfig/epstopdf-sys.cfg
File: epstopdf-sys.cfg 2010/07/13 v1.3 Configuration of (r)epstopdf for TeX Liv
e
))
Package caption Info: Begin \AtBeginDocument code.
Package caption Info: hyperref package is loaded.
Package caption Info: End \AtBeginDocument code.
Package hyperref Info: Link coloring OFF on input line 41.

(/usr/local/texlive/2021/texmf-dist/tex/latex/hyperref/nameref.sty
Package: nameref 2021-04-02 v2.47 Cross-referencing by name of section

(/usr/local/texlive/2021/texmf-dist/tex/latex/refcount/refcount.sty
Package: refcount 2019/12/15 v3.6 Data extraction from label references (HO)
)
(/usr/local/texlive/2021/texmf-dist/tex/generic/gettitlestring/gettitlestring.s
ty
Package: gettitlestring 2019/12/15 v1.6 Cleanup title references (HO)
)
\c@section@level=\count379
)
LaTeX Info: Redefining \ref on input line 41.
LaTeX Info: Redefining \pageref on input line 41.
LaTeX Info: Redefining \nameref on input line 41.
 (./ssk_thes.out) (./ssk_thes.out)
\@outlinefile=\write4
\openout4 = `ssk_thes.out'.


Package pgfplots notification 'compat/show suggested version=true': document ha
s been generated with the most recent feature set (\pgfplotsset{compat=1.18}).

\openout2 = `printpratsi.aux'.

(./printpratsi.tex)
LaTeX Font Info:    Trying to load font information for U+msa on input line 45.


(/usr/local/texlive/2021/texmf-dist/tex/latex/amsfonts/umsa.fd
File: umsa.fd 2013/01/14 v3.01 AMS symbols A
)
LaTeX Font Info:    Trying to load font information for U+msb on input line 45.


(/usr/local/texlive/2021/texmf-dist/tex/latex/amsfonts/umsb.fd
File: umsb.fd 2013/01/14 v3.01 AMS symbols B
)
Overfull \hbox (23.99998pt too wide) in paragraph at lines 45--45
 [][] 
 []

LaTeX Font Info:    Font shape `T2A/LibertinusSerif-TLF/b/n' will be
(Font)              scaled to size 14.4pt on input line 45.
[1




{/usr/local/texlive/2021/texmf-var/fonts/map/pdftex/updmap/pdftex.map}]
\openout2 = `abstract.aux'.


(./abstract.tex)
LaTeX Font Info:    Font shape `T2A/LibertinusSerif-TLF/m/n' will be
(Font)              scaled to size 17.28pt on input line 51.
LaTeX Font Info:    Font shape `T2A/LibertinusSerif-TLF/b/n' will be
(Font)              scaled to size 17.28pt on input line 51.
LaTeX Font Info:    Font shape `T2A/LibertinusSerif-TLF/m/it' will be
(Font)              scaled to size 14.4pt on input line 51.

Overfull \hbox (74.61926pt too wide) has occurred while \output is active
 []| \T2A/LibertinusSerif-TLF/m/n/14.4 2|
 []


Package fancyhdr Warning: \headheight is too small (14.0pt): 
(fancyhdr)                Make it at least 17.0pt, for example:
(fancyhdr)                \setlength{\headheight}{17.0pt}.
(fancyhdr)                You might also make \topmargin smaller to compensate:

(fancyhdr)                \addtolength{\topmargin}{-3.0pt}.

[2





]
Overfull \hbox (6.08546pt too wide) in paragraph at lines 51--51
[]\T2A/LibertinusSerif-TLF/m/n/14.4 У тре-тьо-му роз-дi-лi по-да-но ре-зуль-та-
ти пе-да-го-гi-чно-го екс-пе-ри-мен-ту та Ёх обго-
 []


Overfull \hbox (74.61926pt too wide) has occurred while \output is active
 []| \T2A/LibertinusSerif-TLF/m/n/14.4 3|
 []


Package fancyhdr Warning: \headheight is too small (14.0pt): 
(fancyhdr)                Make it at least 17.0pt, for example:
(fancyhdr)                \setlength{\headheight}{17.0pt}.
(fancyhdr)                You might also make \topmargin smaller to compensate:

(fancyhdr)                \addtolength{\topmargin}{-3.0pt}.

[3]
Overfull \hbox (74.61926pt too wide) has occurred while \output is active
 []| \T2A/LibertinusSerif-TLF/m/n/14.4 4|
 []


Package fancyhdr Warning: \headheight is too small (14.0pt): 
(fancyhdr)                Make it at least 17.0pt, for example:
(fancyhdr)                \setlength{\headheight}{17.0pt}.
(fancyhdr)                You might also make \topmargin smaller to compensate:

(fancyhdr)                \addtolength{\topmargin}{-3.0pt}.

[4]
Overfull \hbox (74.61926pt too wide) has occurred while \output is active
 []| \T2A/LibertinusSerif-TLF/m/n/14.4 5|
 []


Package fancyhdr Warning: \headheight is too small (14.0pt): 
(fancyhdr)                Make it at least 17.0pt, for example:
(fancyhdr)                \setlength{\headheight}{17.0pt}.
(fancyhdr)                You might also make \topmargin smaller to compensate:

(fancyhdr)                \addtolength{\topmargin}{-3.0pt}.

[5]
Overfull \hbox (74.61926pt too wide) has occurred while \output is active
 []| \T2A/LibertinusSerif-TLF/m/n/14.4 6|
 []


Package fancyhdr Warning: \headheight is too small (14.0pt): 
(fancyhdr)                Make it at least 17.0pt, for example:
(fancyhdr)                \setlength{\headheight}{17.0pt}.
(fancyhdr)                You might also make \topmargin smaller to compensate:

(fancyhdr)                \addtolength{\topmargin}{-3.0pt}.

[6]
Overfull \hbox (74.61926pt too wide) has occurred while \output is active
 []| \T2A/LibertinusSerif-TLF/m/n/14.4 7|
 []


Package fancyhdr Warning: \headheight is too small (14.0pt): 
(fancyhdr)                Make it at least 17.0pt, for example:
(fancyhdr)                \setlength{\headheight}{17.0pt}.
(fancyhdr)                You might also make \topmargin smaller to compensate:

(fancyhdr)                \addtolength{\topmargin}{-3.0pt}.

[7] (./ssk_thes.toc
LaTeX Font Info:    Trying to load font information for T1+LibertinusSerif-TLF 
on input line 4.

(/usr/local/texlive/2021/texmf-dist/tex/latex/libertinus-type1/T1LibertinusSeri
f-TLF.fd
File: T1LibertinusSerif-TLF.fd 2020/08/22 (autoinst) Font definitions for T1/Li
bertinusSerif-TLF.
)
LaTeX Font Info:    Font shape `T1/LibertinusSerif-TLF/m/n' will be
(Font)              scaled to size 14.4pt on input line 4.
LaTeX Font Info:    Font shape `T1/LibertinusSerif-TLF/m/sc' will be
(Font)              scaled to size 14.4pt on input line 8.

Overfull \hbox (74.61926pt too wide) has occurred while \output is active
 []| \T1/LibertinusSerif-TLF/m/n/14.4 8|
 []


Package fancyhdr Warning: \headheight is too small (14.0pt): 
(fancyhdr)                Make it at least 17.0pt, for example:
(fancyhdr)                \setlength{\headheight}{17.0pt}.
(fancyhdr)                You might also make \topmargin smaller to compensate:

(fancyhdr)                \addtolength{\topmargin}{-3.0pt}.

[8

]
Overfull \hbox (74.61926pt too wide) has occurred while \output is active
 []| \T1/LibertinusSerif-TLF/m/n/14.4 9|
 []


Package fancyhdr Warning: \headheight is too small (14.0pt): 
(fancyhdr)                Make it at least 17.0pt, for example:
(fancyhdr)                \setlength{\headheight}{17.0pt}.
(fancyhdr)                You might also make \topmargin smaller to compensate:

(fancyhdr)                \addtolength{\topmargin}{-3.0pt}.

[9]
Overfull \hbox (0.68471pt too wide) in paragraph at lines 67--67
 [][] [][]\T1/LibertinusSerif-TLF/m/n/14.4 Gamification and dig-i-tal com-pe-te
nce: im-ple-men-ta-tion through Dig-Comp 
 []


Overfull \hbox (81.31526pt too wide) has occurred while \output is active
 []| \T1/LibertinusSerif-TLF/m/n/14.4 10|
 []


Package fancyhdr Warning: \headheight is too small (14.0pt): 
(fancyhdr)                Make it at least 17.0pt, for example:
(fancyhdr)                \setlength{\headheight}{17.0pt}.
(fancyhdr)                You might also make \topmargin smaller to compensate:

(fancyhdr)                \addtolength{\topmargin}{-3.0pt}.

[10]
Overfull \hbox (81.31526pt too wide) has occurred while \output is active
 []| \T1/LibertinusSerif-TLF/m/n/14.4 11|
 []


Package fancyhdr Warning: \headheight is too small (14.0pt): 
(fancyhdr)                Make it at least 17.0pt, for example:
(fancyhdr)                \setlength{\headheight}{17.0pt}.
(fancyhdr)                You might also make \topmargin smaller to compensate:

(fancyhdr)                \addtolength{\topmargin}{-3.0pt}.

[11]
Overfull \hbox (81.31526pt too wide) has occurred while \output is active
 []| \T1/LibertinusSerif-TLF/m/n/14.4 12|
 []


Package fancyhdr Warning: \headheight is too small (14.0pt): 
(fancyhdr)                Make it at least 17.0pt, for example:
(fancyhdr)                \setlength{\headheight}{17.0pt}.
(fancyhdr)                You might also make \topmargin smaller to compensate:

(fancyhdr)                \addtolength{\topmargin}{-3.0pt}.

[12])
\tf@toc=\write5
\openout5 = `ssk_thes.toc'.


Overfull \hbox (81.31526pt too wide) has occurred while \output is active
 []| \T2A/LibertinusSerif-TLF/m/n/14.4 13|
 []


Package fancyhdr Warning: \headheight is too small (14.0pt): 
(fancyhdr)                Make it at least 17.0pt, for example:
(fancyhdr)                \setlength{\headheight}{17.0pt}.
(fancyhdr)                You might also make \topmargin smaller to compensate:

(fancyhdr)                \addtolength{\topmargin}{-3.0pt}.

[13] (./ssk_thes.lot
Overfull \hbox (81.31526pt too wide) has occurred while \output is active
 []| \T1/LibertinusSerif-TLF/m/n/14.4 14|
 []


Package fancyhdr Warning: \headheight is too small (14.0pt): 
(fancyhdr)                Make it at least 17.0pt, for example:
(fancyhdr)                \setlength{\headheight}{17.0pt}.
(fancyhdr)                You might also make \topmargin smaller to compensate:

(fancyhdr)                \addtolength{\topmargin}{-3.0pt}.

[14

])
\tf@lot=\write6
\openout6 = `ssk_thes.lot'.


Overfull \hbox (81.31526pt too wide) has occurred while \output is active
 []| \T2A/LibertinusSerif-TLF/m/n/14.4 15|
 []


Package fancyhdr Warning: \headheight is too small (14.0pt): 
(fancyhdr)                Make it at least 17.0pt, for example:
(fancyhdr)                \setlength{\headheight}{17.0pt}.
(fancyhdr)                You might also make \topmargin smaller to compensate:

(fancyhdr)                \addtolength{\topmargin}{-3.0pt}.

[15] (./ssk_thes.lof
Overfull \hbox (8.47598pt too wide) in paragraph at lines 8--8
 [][] [][]\T1/LibertinusSerif-TLF/m/n/14.4 HistoryLikeGame plat-form in-ter-fac
e: Sec-tion 2, Mod-ule 3 (S. Palia 
 []


Overfull \hbox (7.1586pt too wide) in paragraph at lines 13--13
 \T1/LibertinusSerif-TLF/m/n/14.4 me-dian per-cent-ages with num-ber of re-spon
-dents. Ver-ti-cal dashed 
 []


Overfull \hbox (81.31526pt too wide) has occurred while \output is active
 []| \T1/LibertinusSerif-TLF/m/n/14.4 16|
 []


Package fancyhdr Warning: \headheight is too small (14.0pt): 
(fancyhdr)                Make it at least 17.0pt, for example:
(fancyhdr)                \setlength{\headheight}{17.0pt}.
(fancyhdr)                You might also make \topmargin smaller to compensate:

(fancyhdr)                \addtolength{\topmargin}{-3.0pt}.

[16

])
\tf@lof=\write7
\openout7 = `ssk_thes.lof'.


Overfull \hbox (81.31526pt too wide) has occurred while \output is active
 []| \T2A/LibertinusSerif-TLF/m/n/14.4 17|
 []


Package fancyhdr Warning: \headheight is too small (14.0pt): 
(fancyhdr)                Make it at least 17.0pt, for example:
(fancyhdr)                \setlength{\headheight}{17.0pt}.
(fancyhdr)                You might also make \topmargin smaller to compensate:

(fancyhdr)                \addtolength{\topmargin}{-3.0pt}.

[17]
\openout2 = `intro.aux'.

 (./intro.tex)
Overfull \hbox (81.31526pt too wide) has occurred while \output is active
 []| \T2A/LibertinusSerif-TLF/m/n/14.4 18|
 []


Package fancyhdr Warning: \headheight is too small (14.0pt): 
(fancyhdr)                Make it at least 17.0pt, for example:
(fancyhdr)                \setlength{\headheight}{17.0pt}.
(fancyhdr)                You might also make \topmargin smaller to compensate:

(fancyhdr)                \addtolength{\topmargin}{-3.0pt}.

[18





]
LaTeX Font Info:    Trying to load font information for TS1+LibertinusSerif-TLF
 on input line 60.

(/usr/local/texlive/2021/texmf-dist/tex/latex/libertinus-type1/TS1LibertinusSer
if-TLF.fd
File: TS1LibertinusSerif-TLF.fd 2020/08/22 (autoinst) Font definitions for TS1/
LibertinusSerif-TLF.
)
LaTeX Font Info:    Font shape `TS1/LibertinusSerif-TLF/m/n' will be
(Font)              scaled to size 14.4pt on input line 60.

Overfull \hbox (81.31526pt too wide) has occurred while \output is active
 []| \T2A/LibertinusSerif-TLF/m/n/14.4 19|
 []


Package fancyhdr Warning: \headheight is too small (14.0pt): 
(fancyhdr)                Make it at least 17.0pt, for example:
(fancyhdr)                \setlength{\headheight}{17.0pt}.
(fancyhdr)                You might also make \topmargin smaller to compensate:

(fancyhdr)                \addtolength{\topmargin}{-3.0pt}.

[19]
Overfull \hbox (81.31526pt too wide) has occurred while \output is active
 []| \T2A/LibertinusSerif-TLF/m/n/14.4 20|
 []


Package fancyhdr Warning: \headheight is too small (14.0pt): 
(fancyhdr)                Make it at least 17.0pt, for example:
(fancyhdr)                \setlength{\headheight}{17.0pt}.
(fancyhdr)                You might also make \topmargin smaller to compensate:

(fancyhdr)                \addtolength{\topmargin}{-3.0pt}.

[20]
Overfull \hbox (81.31526pt too wide) has occurred while \output is active
 []| \T2A/LibertinusSerif-TLF/m/n/14.4 21|
 []


Package fancyhdr Warning: \headheight is too small (14.0pt): 
(fancyhdr)                Make it at least 17.0pt, for example:
(fancyhdr)                \setlength{\headheight}{17.0pt}.
(fancyhdr)                You might also make \topmargin smaller to compensate:

(fancyhdr)                \addtolength{\topmargin}{-3.0pt}.

[21]
Overfull \hbox (81.31526pt too wide) has occurred while \output is active
 []| \T2A/LibertinusSerif-TLF/m/n/14.4 22|
 []


Package fancyhdr Warning: \headheight is too small (14.0pt): 
(fancyhdr)                Make it at least 17.0pt, for example:
(fancyhdr)                \setlength{\headheight}{17.0pt}.
(fancyhdr)                You might also make \topmargin smaller to compensate:

(fancyhdr)                \addtolength{\topmargin}{-3.0pt}.

[22]
Overfull \hbox (81.31526pt too wide) has occurred while \output is active
 []| \T2A/LibertinusSerif-TLF/m/n/14.4 23|
 []


Package fancyhdr Warning: \headheight is too small (14.0pt): 
(fancyhdr)                Make it at least 17.0pt, for example:
(fancyhdr)                \setlength{\headheight}{17.0pt}.
(fancyhdr)                You might also make \topmargin smaller to compensate:

(fancyhdr)                \addtolength{\topmargin}{-3.0pt}.

[23]
Overfull \hbox (81.31526pt too wide) has occurred while \output is active
 []| \T2A/LibertinusSerif-TLF/m/n/14.4 24|
 []


Package fancyhdr Warning: \headheight is too small (14.0pt): 
(fancyhdr)                Make it at least 17.0pt, for example:
(fancyhdr)                \setlength{\headheight}{17.0pt}.
(fancyhdr)                You might also make \topmargin smaller to compensate:

(fancyhdr)                \addtolength{\topmargin}{-3.0pt}.

[24]
\openout2 = `chapter1.aux'.

 (./chapter1.tex
Chapter 1.
LaTeX Font Info:    Font shape `T2A/LibertinusSerif-TLF/m/sc' will be
(Font)              scaled to size 17.28pt on input line 1.
LaTeX Font Info:    Font shape `T2A/LibertinusSerif-TLF/b/sc' will be
(Font)              scaled to size 17.28pt on input line 1.

Overfull \hbox (81.31526pt too wide) has occurred while \output is active
 []| \T2A/LibertinusSerif-TLF/m/n/14.4 25|
 []


Package fancyhdr Warning: \headheight is too small (14.0pt): 
(fancyhdr)                Make it at least 17.0pt, for example:
(fancyhdr)                \setlength{\headheight}{17.0pt}.
(fancyhdr)                You might also make \topmargin smaller to compensate:

(fancyhdr)                \addtolength{\topmargin}{-3.0pt}.

[25


]
Overfull \hbox (10.38834pt too wide) in paragraph at lines 13--14
[]\T2A/LibertinusSerif-TLF/m/n/14.4 Subsidiary re-search ques-tions ad-dressed 
[[]]: (1) the ef-fect of course sta-tus (manda-
 []

LaTeX Font Info:    Trying to load font information for T2A+LibertinusMono-TLF 
on input line 18.
LaTeX Font Info:    No file T2ALibertinusMono-TLF.fd. on input line 18.

LaTeX Font Warning: Font shape `T2A/LibertinusMono-TLF/m/n' undefined
(Font)              using `T2A/cmr/m/n' instead on input line 18.


Overfull \hbox (81.31526pt too wide) has occurred while \output is active
 []| \T2A/LibertinusSerif-TLF/m/n/14.4 26|
 []


Package fancyhdr Warning: \headheight is too small (14.0pt): 
(fancyhdr)                Make it at least 17.0pt, for example:
(fancyhdr)                \setlength{\headheight}{17.0pt}.
(fancyhdr)                You might also make \topmargin smaller to compensate:

(fancyhdr)                \addtolength{\topmargin}{-3.0pt}.

[26]
Overfull \hbox (81.31526pt too wide) has occurred while \output is active
 []| \T2A/LibertinusSerif-TLF/m/n/14.4 27|
 []


Package fancyhdr Warning: \headheight is too small (14.0pt): 
(fancyhdr)                Make it at least 17.0pt, for example:
(fancyhdr)                \setlength{\headheight}{17.0pt}.
(fancyhdr)                You might also make \topmargin smaller to compensate:

(fancyhdr)                \addtolength{\topmargin}{-3.0pt}.

[27]
LaTeX Font Info:    Font shape `T2A/LibertinusSerif-TLF/b/it' will be
(Font)              scaled to size 14.4pt on input line 37.
LaTeX Font Info:    Font shape `T2A/LibertinusSerif-TLF/m/n' will be
(Font)              scaled to size 12.0pt on input line 45.
LaTeX Font Info:    Font shape `T2A/LibertinusSerif-TLF/b/n' will be
(Font)              scaled to size 12.0pt on input line 48.

Overfull \hbox (3.33195pt too wide) in paragraph at lines 48--48
[]|\T2A/LibertinusSerif-TLF/b/n/12 Participants| 
 []


Overfull \hbox (6.67682pt too wide) in paragraph at lines 48--49
[]|\T2A/LibertinusSerif-TLF/b/n/12 Duration| 
 []


Underfull \hbox (badness 10000) in paragraph at lines 50--51
[]|\T2A/LibertinusSerif-TLF/m/n/12 1
 []


Overfull \hbox (0.50879pt too wide) in paragraph at lines 50--51
\T2A/LibertinusSerif-TLF/m/n/12 semester| 
 []


Underfull \hbox (badness 10000) in paragraph at lines 51--51
[]|\T2A/LibertinusSerif-TLF/m/n/12 Coleborne
 []


Underfull \hbox (badness 10000) in paragraph at lines 52--52
[]|\T2A/LibertinusSerif-TLF/m/n/12 Not spec-i-
 []


Underfull \hbox (badness 10000) in paragraph at lines 52--53
[]|\T2A/LibertinusSerif-TLF/m/n/12 1
 []


Overfull \hbox (0.50879pt too wide) in paragraph at lines 52--53
\T2A/LibertinusSerif-TLF/m/n/12 semester| 
 []


Underfull \hbox (badness 10000) in paragraph at lines 54--54
[]|\T2A/LibertinusSerif-TLF/m/n/12 Mixed meth-
 []


Underfull \hbox (badness 10000) in paragraph at lines 54--55
[]|\T2A/LibertinusSerif-TLF/m/n/12 1
 []


Overfull \hbox (0.50879pt too wide) in paragraph at lines 54--55
\T2A/LibertinusSerif-TLF/m/n/12 semester| 
 []


Underfull \hbox (badness 10000) in paragraph at lines 55--55
[]|\T2A/LibertinusSerif-TLF/m/n/12 Quasi-
 []


Underfull \hbox (badness 10000) in paragraph at lines 55--56
[]|\T2A/LibertinusSerif-TLF/m/n/12 1
 []


Overfull \hbox (0.50879pt too wide) in paragraph at lines 55--56
\T2A/LibertinusSerif-TLF/m/n/12 semester| 
 []


Underfull \hbox (badness 10000) in paragraph at lines 69--69
[]|\T2A/LibertinusSerif-TLF/m/n/12 3-minute dig-i-tal
 []


Underfull \hbox (badness 10000) in paragraph at lines 69--70
[]|\T2A/LibertinusSerif-TLF/m/n/12 Engagement,
 []


Underfull \hbox (badness 10000) in paragraph at lines 70--70
[]|\T2A/LibertinusSerif-TLF/m/n/12 Coleborne
 []


Underfull \hbox (badness 10000) in paragraph at lines 70--70
[]|\T2A/LibertinusSerif-TLF/m/n/12 Windows
 []


Underfull \hbox (badness 10000) in paragraph at lines 70--71
[]|\T2A/LibertinusSerif-TLF/m/n/12 Storytelling
 []


Underfull \hbox (badness 1286) in paragraph at lines 70--71
\T2A/LibertinusSerif-TLF/m/n/12 skills, his-tor-i-
 []


Underfull \hbox (badness 10000) in paragraph at lines 71--72
[]|\T2A/LibertinusSerif-TLF/m/n/12 Motivation,
 []


Underfull \hbox (badness 10000) in paragraph at lines 72--73
[]|\T2A/LibertinusSerif-TLF/m/n/12 Engagement,
 []


Underfull \hbox (badness 10000) in paragraph at lines 72--73
\T2A/LibertinusSerif-TLF/m/n/12 tech-nol-ogy
 []


Underfull \hbox (badness 10000) in paragraph at lines 73--74
[]|\T2A/LibertinusSerif-TLF/m/n/12 Technology
 []


Underfull \hbox (badness 6808) in paragraph at lines 74--74
[]|\T2A/LibertinusSerif-TLF/m/n/12 Collaborative writ-
 []


Overfull \hbox (4.72005pt too wide) in paragraph at lines 74--74
[]|\T2A/LibertinusSerif-TLF/m/n/12 ClassroomWiki| 
 []


Overfull \hbox (11.76482pt too wide) in paragraph at lines 74--74
[]|\T2A/LibertinusSerif-TLF/m/n/12 Traditional| 
 []


Underfull \hbox (badness 10000) in paragraph at lines 74--75
\T2A/LibertinusSerif-TLF/m/n/12 en-gage-ment,
 []


Overfull \hbox (81.31526pt too wide) has occurred while \output is active
 []| \T2A/LibertinusSerif-TLF/m/n/14.4 28|
 []


Package fancyhdr Warning: \headheight is too small (14.0pt): 
(fancyhdr)                Make it at least 17.0pt, for example:
(fancyhdr)                \setlength{\headheight}{17.0pt}.
(fancyhdr)                You might also make \topmargin smaller to compensate:

(fancyhdr)                \addtolength{\topmargin}{-3.0pt}.

[28]
Overfull \hbox (14.99808pt too wide) in paragraph at lines 88--89
\T2A/LibertinusSerif-TLF/m/n/14.4 found im-prove-ments in both dig-i-tal sto-ry
-telling skills and his-tor-i-cal think-ing, demon-
 []


Overfull \hbox (81.31526pt too wide) has occurred while \output is active
 []| \T2A/LibertinusSerif-TLF/m/n/14.4 29|
 []


Package fancyhdr Warning: \headheight is too small (14.0pt): 
(fancyhdr)                Make it at least 17.0pt, for example:
(fancyhdr)                \setlength{\headheight}{17.0pt}.
(fancyhdr)                You might also make \topmargin smaller to compensate:

(fancyhdr)                \addtolength{\topmargin}{-3.0pt}.

[29]
Overfull \hbox (81.31526pt too wide) has occurred while \output is active
 []| \T2A/LibertinusSerif-TLF/m/n/14.4 30|
 []


Package fancyhdr Warning: \headheight is too small (14.0pt): 
(fancyhdr)                Make it at least 17.0pt, for example:
(fancyhdr)                \setlength{\headheight}{17.0pt}.
(fancyhdr)                You might also make \topmargin smaller to compensate:

(fancyhdr)                \addtolength{\topmargin}{-3.0pt}.

[30]
Overfull \hbox (5.59454pt too wide) in paragraph at lines 105--106
\T2A/LibertinusSerif-TLF/m/n/14.4 and showed the most dra-matic im-prove-ments.
 Cog-ni-tive en-gage-ment man-i-fested through
 []


Overfull \hbox (81.31526pt too wide) has occurred while \output is active
 []| \T2A/LibertinusSerif-TLF/m/n/14.4 31|
 []


Package fancyhdr Warning: \headheight is too small (14.0pt): 
(fancyhdr)                Make it at least 17.0pt, for example:
(fancyhdr)                \setlength{\headheight}{17.0pt}.
(fancyhdr)                You might also make \topmargin smaller to compensate:

(fancyhdr)                \addtolength{\topmargin}{-3.0pt}.

[31]
Overfull \hbox (81.31526pt too wide) has occurred while \output is active
 []| \T2A/LibertinusSerif-TLF/m/n/14.4 32|
 []


Package fancyhdr Warning: \headheight is too small (14.0pt): 
(fancyhdr)                Make it at least 17.0pt, for example:
(fancyhdr)                \setlength{\headheight}{17.0pt}.
(fancyhdr)                You might also make \topmargin smaller to compensate:

(fancyhdr)                \addtolength{\topmargin}{-3.0pt}.

[32]
Overfull \hbox (81.31526pt too wide) has occurred while \output is active
 []| \T2A/LibertinusSerif-TLF/m/n/14.4 33|
 []


Package fancyhdr Warning: \headheight is too small (14.0pt): 
(fancyhdr)                Make it at least 17.0pt, for example:
(fancyhdr)                \setlength{\headheight}{17.0pt}.
(fancyhdr)                You might also make \topmargin smaller to compensate:

(fancyhdr)                \addtolength{\topmargin}{-3.0pt}.

[33]
Overfull \hbox (81.31526pt too wide) has occurred while \output is active
 []| \T2A/LibertinusSerif-TLF/m/n/14.4 34|
 []


Package fancyhdr Warning: \headheight is too small (14.0pt): 
(fancyhdr)                Make it at least 17.0pt, for example:
(fancyhdr)                \setlength{\headheight}{17.0pt}.
(fancyhdr)                You might also make \topmargin smaller to compensate:

(fancyhdr)                \addtolength{\topmargin}{-3.0pt}.

[34]
Overfull \hbox (81.31526pt too wide) has occurred while \output is active
 []| \T2A/LibertinusSerif-TLF/m/n/14.4 35|
 []


Package fancyhdr Warning: \headheight is too small (14.0pt): 
(fancyhdr)                Make it at least 17.0pt, for example:
(fancyhdr)                \setlength{\headheight}{17.0pt}.
(fancyhdr)                You might also make \topmargin smaller to compensate:

(fancyhdr)                \addtolength{\topmargin}{-3.0pt}.

[35]
Underfull \hbox (badness 10000) in paragraph at lines 187--187
[]|\T2A/LibertinusSerif-TLF/b/n/12 Term de-
 []


Underfull \hbox (badness 10000) in paragraph at lines 189--189
[]|\T2A/LibertinusSerif-TLF/m/n/12 Game-based
 []


Underfull \hbox (badness 10000) in paragraph at lines 191--191
[]|\T2A/LibertinusSerif-TLF/m/n/12 Corbeil and
 []


Underfull \hbox (badness 10000) in paragraph at lines 191--191
[]|\T2A/LibertinusSerif-TLF/m/n/12 Simulation
 []


Underfull \hbox (badness 1184) in paragraph at lines 191--192
[]|\T2A/LibertinusSerif-TLF/m/n/12 ``Places [the par-tic-i-pant] in a con-text,

 []


Underfull \hbox (badness 10000) in paragraph at lines 192--192
[]|\T2A/LibertinusSerif-TLF/m/n/12 Educational
 []


Underfull \hbox (badness 1960) in paragraph at lines 193--194
\T2A/LibertinusSerif-TLF/m/n/12 fully thought-out ed-u-ca-tional pur-pose
 []


Underfull \hbox (badness 10000) in paragraph at lines 194--194
[]|\T2A/LibertinusSerif-TLF/m/n/12 Shih, Guo and
 []


Underfull \hbox (badness 10000) in paragraph at lines 194--194
[]|\T2A/LibertinusSerif-TLF/m/n/12 Pervasive
 []


Underfull \hbox (badness 1292) in paragraph at lines 194--195
[]|\T2A/LibertinusSerif-TLF/m/n/12 ``A mo-bile game that seam-lessly in-te-
 []


Underfull \hbox (badness 1748) in paragraph at lines 194--195
\T2A/LibertinusSerif-TLF/m/n/12 grates the phys-i-cal en-vi-ron-ment with
 []


Underfull \hbox (badness 10000) in paragraph at lines 195--195
[]|\T2A/LibertinusSerif-TLF/m/n/12 Lynch, Mal-lon
 []


Underfull \hbox (badness 10000) in paragraph at lines 195--195
\T2A/LibertinusSerif-TLF/m/n/12 and Con-nolly
 []


Underfull \hbox (badness 10000) in paragraph at lines 197--197
[]|\T2A/LibertinusSerif-TLF/m/n/12 Scholz, Ko-mor-
 []


Underfull \hbox (badness 10000) in paragraph at lines 197--197
[]|\T2A/LibertinusSerif-TLF/m/n/12 Gamification
 []


Underfull \hbox (badness 5331) in paragraph at lines 197--198
\T2A/LibertinusSerif-TLF/m/n/12 of game-based el-e-ments...game-based
 []


Underfull \hbox (badness 10000) in paragraph at lines 199--199
[]|\T2A/LibertinusSerif-TLF/m/n/12 Petersen et al.
 []


Overfull \hbox (81.31526pt too wide) has occurred while \output is active
 []| \T2A/LibertinusSerif-TLF/m/n/14.4 36|
 []


Package fancyhdr Warning: \headheight is too small (14.0pt): 
(fancyhdr)                Make it at least 17.0pt, for example:
(fancyhdr)                \setlength{\headheight}{17.0pt}.
(fancyhdr)                You might also make \topmargin smaller to compensate:

(fancyhdr)                \addtolength{\topmargin}{-3.0pt}.

[36]
Overfull \hbox (81.31526pt too wide) has occurred while \output is active
 []| \T2A/LibertinusSerif-TLF/m/n/14.4 37|
 []


Package fancyhdr Warning: \headheight is too small (14.0pt): 
(fancyhdr)                Make it at least 17.0pt, for example:
(fancyhdr)                \setlength{\headheight}{17.0pt}.
(fancyhdr)                You might also make \topmargin smaller to compensate:

(fancyhdr)                \addtolength{\topmargin}{-3.0pt}.

[37]
Overfull \hbox (81.31526pt too wide) has occurred while \output is active
 []| \T2A/LibertinusSerif-TLF/m/n/14.4 38|
 []


Package fancyhdr Warning: \headheight is too small (14.0pt): 
(fancyhdr)                Make it at least 17.0pt, for example:
(fancyhdr)                \setlength{\headheight}{17.0pt}.
(fancyhdr)                You might also make \topmargin smaller to compensate:

(fancyhdr)                \addtolength{\topmargin}{-3.0pt}.

[38]
Overfull \hbox (81.31526pt too wide) has occurred while \output is active
 []| \T2A/LibertinusSerif-TLF/m/n/14.4 39|
 []


Package fancyhdr Warning: \headheight is too small (14.0pt): 
(fancyhdr)                Make it at least 17.0pt, for example:
(fancyhdr)                \setlength{\headheight}{17.0pt}.
(fancyhdr)                You might also make \topmargin smaller to compensate:

(fancyhdr)                \addtolength{\topmargin}{-3.0pt}.

[39]
Overfull \hbox (81.31526pt too wide) has occurred while \output is active
 []| \T2A/LibertinusSerif-TLF/m/n/14.4 40|
 []


Package fancyhdr Warning: \headheight is too small (14.0pt): 
(fancyhdr)                Make it at least 17.0pt, for example:
(fancyhdr)                \setlength{\headheight}{17.0pt}.
(fancyhdr)                You might also make \topmargin smaller to compensate:

(fancyhdr)                \addtolength{\topmargin}{-3.0pt}.

[40]
Overfull \hbox (2.67757pt too wide) in paragraph at lines 319--320
[]\T2A/LibertinusSerif-TLF/m/n/14.4 VR/AR games were the most com-mon (25.7%), 
re-flect-ing re-cent tech-no-log-i-cal adop-
 []


Overfull \hbox (81.31526pt too wide) has occurred while \output is active
 []| \T2A/LibertinusSerif-TLF/m/n/14.4 41|
 []


Package fancyhdr Warning: \headheight is too small (14.0pt): 
(fancyhdr)                Make it at least 17.0pt, for example:
(fancyhdr)                \setlength{\headheight}{17.0pt}.
(fancyhdr)                You might also make \topmargin smaller to compensate:

(fancyhdr)                \addtolength{\topmargin}{-3.0pt}.

[41]
Overfull \hbox (81.31526pt too wide) has occurred while \output is active
 []| \T2A/LibertinusSerif-TLF/m/n/14.4 42|
 []


Package fancyhdr Warning: \headheight is too small (14.0pt): 
(fancyhdr)                Make it at least 17.0pt, for example:
(fancyhdr)                \setlength{\headheight}{17.0pt}.
(fancyhdr)                You might also make \topmargin smaller to compensate:

(fancyhdr)                \addtolength{\topmargin}{-3.0pt}.

[42]
Overfull \hbox (0.98375pt too wide) in paragraph at lines 378--379
[]\T2A/LibertinusSerif-TLF/m/n/14.4 The stud-ies cited di-verse the-o-ret-i-cal
 frame-works, with game-based learn-ing frame-
 []


Overfull \hbox (81.31526pt too wide) has occurred while \output is active
 []| \T2A/LibertinusSerif-TLF/m/n/14.4 43|
 []


Package fancyhdr Warning: \headheight is too small (14.0pt): 
(fancyhdr)                Make it at least 17.0pt, for example:
(fancyhdr)                \setlength{\headheight}{17.0pt}.
(fancyhdr)                You might also make \topmargin smaller to compensate:

(fancyhdr)                \addtolength{\topmargin}{-3.0pt}.

[43]
Overfull \hbox (4.69728pt too wide) in paragraph at lines 389--390
\T2A/LibertinusSerif-TLF/m/n/14.4 em-ployed struc-tural el-e-ments (points in 1
7/29 stud-ies, leader-boards in 11/29, badges
 []


Overfull \hbox (9.4919pt too wide) in paragraph at lines 389--390
\T2A/LibertinusSerif-TLF/m/n/14.4 tion re-lied more heav-ily on nar-ra-tive and
 im-mer-sive el-e-ments (nar-ra-tive/storytelling
 []


Overfull \hbox (81.31526pt too wide) has occurred while \output is active
 []| \T2A/LibertinusSerif-TLF/m/n/14.4 44|
 []


Package fancyhdr Warning: \headheight is too small (14.0pt): 
(fancyhdr)                Make it at least 17.0pt, for example:
(fancyhdr)                \setlength{\headheight}{17.0pt}.
(fancyhdr)                You might also make \topmargin smaller to compensate:

(fancyhdr)                \addtolength{\topmargin}{-3.0pt}.

[44]
Overfull \hbox (0.4315pt too wide) in paragraph at lines 393--394
[]\T2A/LibertinusSerif-TLF/m/n/14.4 These cross-domain com-par-isons sug-gest t
hat the method-olog-i-cal chal-lenges iden-
 []


Overfull \hbox (81.31526pt too wide) has occurred while \output is active
 []| \T2A/LibertinusSerif-TLF/m/n/14.4 45|
 []


Package fancyhdr Warning: \headheight is too small (14.0pt): 
(fancyhdr)                Make it at least 17.0pt, for example:
(fancyhdr)                \setlength{\headheight}{17.0pt}.
(fancyhdr)                You might also make \topmargin smaller to compensate:

(fancyhdr)                \addtolength{\topmargin}{-3.0pt}.

[45]
Overfull \hbox (81.31526pt too wide) has occurred while \output is active
 []| \T2A/LibertinusSerif-TLF/m/n/14.4 46|
 []


Package fancyhdr Warning: \headheight is too small (14.0pt): 
(fancyhdr)                Make it at least 17.0pt, for example:
(fancyhdr)                \setlength{\headheight}{17.0pt}.
(fancyhdr)                You might also make \topmargin smaller to compensate:

(fancyhdr)                \addtolength{\topmargin}{-3.0pt}.

[46]
Underfull \hbox (badness 10000) in paragraph at lines 440--440
[]|\T2A/LibertinusSerif-TLF/m/n/12 Barbatsis et al.
 []


Underfull \hbox (badness 3849) in paragraph at lines 443--443
[]|\T2A/LibertinusSerif-TLF/m/n/12 Chen, Hou and
 []


Underfull \hbox (badness 4779) in paragraph at lines 445--445
[]|\T2A/LibertinusSerif-TLF/m/n/12 Ghannem et al.
 []


Underfull \hbox (badness 1270) in paragraph at lines 446--447
[]|\T2A/LibertinusSerif-TLF/m/n/12 Low achiev-ers p =
 []


Underfull \hbox (badness 10000) in paragraph at lines 447--447
[]|\T2A/LibertinusSerif-TLF/m/n/12 Liu, Chan and
 []


Overfull \hbox (13.26328pt too wide) in paragraph at lines 452--453
[]\T2A/LibertinusSerif-TLF/m/n/14.4 This pat-tern sug-gests that gam-i-fi-ca-ti
on may be more ef-fec-tive for de-vel-op-ing surface-
 []


Overfull \hbox (81.31526pt too wide) has occurred while \output is active
 []| \T2A/LibertinusSerif-TLF/m/n/14.4 47|
 []


Package fancyhdr Warning: \headheight is too small (14.0pt): 
(fancyhdr)                Make it at least 17.0pt, for example:
(fancyhdr)                \setlength{\headheight}{17.0pt}.
(fancyhdr)                You might also make \topmargin smaller to compensate:

(fancyhdr)                \addtolength{\topmargin}{-3.0pt}.

[47]
Overfull \hbox (22.89095pt too wide) in paragraph at lines 456--457
\T2A/LibertinusSerif-TLF/m/n/14.4 mer-sion con-sis-tently scored high-est among
 flow di-men-sions, while loss of self-consciousness
 []


Overfull \hbox (81.31526pt too wide) has occurred while \output is active
 []| \T2A/LibertinusSerif-TLF/m/n/14.4 48|
 []


Package fancyhdr Warning: \headheight is too small (14.0pt): 
(fancyhdr)                Make it at least 17.0pt, for example:
(fancyhdr)                \setlength{\headheight}{17.0pt}.
(fancyhdr)                You might also make \topmargin smaller to compensate:

(fancyhdr)                \addtolength{\topmargin}{-3.0pt}.

[48]
Overfull \hbox (81.31526pt too wide) has occurred while \output is active
 []| \T2A/LibertinusSerif-TLF/m/n/14.4 49|
 []


Package fancyhdr Warning: \headheight is too small (14.0pt): 
(fancyhdr)                Make it at least 17.0pt, for example:
(fancyhdr)                \setlength{\headheight}{17.0pt}.
(fancyhdr)                You might also make \topmargin smaller to compensate:

(fancyhdr)                \addtolength{\topmargin}{-3.0pt}.

[49]
Overfull \hbox (81.31526pt too wide) has occurred while \output is active
 []| \T2A/LibertinusSerif-TLF/m/n/14.4 50|
 []


Package fancyhdr Warning: \headheight is too small (14.0pt): 
(fancyhdr)                Make it at least 17.0pt, for example:
(fancyhdr)                \setlength{\headheight}{17.0pt}.
(fancyhdr)                You might also make \topmargin smaller to compensate:

(fancyhdr)                \addtolength{\topmargin}{-3.0pt}.

[50]
Overfull \hbox (81.31526pt too wide) has occurred while \output is active
 []| \T2A/LibertinusSerif-TLF/m/n/14.4 51|
 []


Package fancyhdr Warning: \headheight is too small (14.0pt): 
(fancyhdr)                Make it at least 17.0pt, for example:
(fancyhdr)                \setlength{\headheight}{17.0pt}.
(fancyhdr)                You might also make \topmargin smaller to compensate:

(fancyhdr)                \addtolength{\topmargin}{-3.0pt}.

[51]
Overfull \hbox (81.31526pt too wide) has occurred while \output is active
 []| \T2A/LibertinusSerif-TLF/m/n/14.4 52|
 []


Package fancyhdr Warning: \headheight is too small (14.0pt): 
(fancyhdr)                Make it at least 17.0pt, for example:
(fancyhdr)                \setlength{\headheight}{17.0pt}.
(fancyhdr)                You might also make \topmargin smaller to compensate:

(fancyhdr)                \addtolength{\topmargin}{-3.0pt}.

[52]
Overfull \hbox (81.31526pt too wide) has occurred while \output is active
 []| \T2A/LibertinusSerif-TLF/m/n/14.4 53|
 []


Package fancyhdr Warning: \headheight is too small (14.0pt): 
(fancyhdr)                Make it at least 17.0pt, for example:
(fancyhdr)                \setlength{\headheight}{17.0pt}.
(fancyhdr)                You might also make \topmargin smaller to compensate:

(fancyhdr)                \addtolength{\topmargin}{-3.0pt}.

[53]
Overfull \hbox (81.31526pt too wide) has occurred while \output is active
 []| \T2A/LibertinusSerif-TLF/m/n/14.4 54|
 []


Package fancyhdr Warning: \headheight is too small (14.0pt): 
(fancyhdr)                Make it at least 17.0pt, for example:
(fancyhdr)                \setlength{\headheight}{17.0pt}.
(fancyhdr)                You might also make \topmargin smaller to compensate:

(fancyhdr)                \addtolength{\topmargin}{-3.0pt}.

[54]
Overfull \hbox (81.31526pt too wide) has occurred while \output is active
 []| \T2A/LibertinusSerif-TLF/m/n/14.4 55|
 []


Package fancyhdr Warning: \headheight is too small (14.0pt): 
(fancyhdr)                Make it at least 17.0pt, for example:
(fancyhdr)                \setlength{\headheight}{17.0pt}.
(fancyhdr)                You might also make \topmargin smaller to compensate:

(fancyhdr)                \addtolength{\topmargin}{-3.0pt}.

[55]
Overfull \hbox (5.81012pt too wide) in paragraph at lines 554--555
[]\T2A/LibertinusSerif-TLF/b/n/14.4 Social el-e-ments\T2A/LibertinusSerif-TLF/m
/n/14.4 : Col-lab-o-ra-tive and com-pet-i-tive el-e-ments (team chal-lenges, le
ader-
 []


Overfull \hbox (81.31526pt too wide) has occurred while \output is active
 []| \T2A/LibertinusSerif-TLF/m/n/14.4 56|
 []


Package fancyhdr Warning: \headheight is too small (14.0pt): 
(fancyhdr)                Make it at least 17.0pt, for example:
(fancyhdr)                \setlength{\headheight}{17.0pt}.
(fancyhdr)                You might also make \topmargin smaller to compensate:

(fancyhdr)                \addtolength{\topmargin}{-3.0pt}.

[56]
Overfull \hbox (81.31526pt too wide) has occurred while \output is active
 []| \T2A/LibertinusSerif-TLF/m/n/14.4 57|
 []


Package fancyhdr Warning: \headheight is too small (14.0pt): 
(fancyhdr)                Make it at least 17.0pt, for example:
(fancyhdr)                \setlength{\headheight}{17.0pt}.
(fancyhdr)                You might also make \topmargin smaller to compensate:

(fancyhdr)                \addtolength{\topmargin}{-3.0pt}.

[57]
Overfull \hbox (1.11198pt too wide) in paragraph at lines 590--591
[]\T2A/LibertinusSerif-TLF/b/n/14.4 M1: Sam-ple size ex-plic-itly re-ported \T2
A/LibertinusSerif-TLF/m/n/14.4 -- trans-par-ent re-port-ing of par-tic-i-pant n
um-
 []


Overfull \hbox (17.83475pt too wide) in paragraph at lines 595--596
[]\T2A/LibertinusSerif-TLF/b/n/14.4 M6: Pre-post or lon-gi-tu-di-nal de-sign \T
2A/LibertinusSerif-TLF/m/n/14.4 -- per-mit-ting as-sess-ment of within-particip
ant
 []


Overfull \hbox (81.31526pt too wide) has occurred while \output is active
 []| \T2A/LibertinusSerif-TLF/m/n/14.4 58|
 []


Package fancyhdr Warning: \headheight is too small (14.0pt): 
(fancyhdr)                Make it at least 17.0pt, for example:
(fancyhdr)                \setlength{\headheight}{17.0pt}.
(fancyhdr)                You might also make \topmargin smaller to compensate:

(fancyhdr)                \addtolength{\topmargin}{-3.0pt}.

[58]
Overfull \hbox (81.31526pt too wide) has occurred while \output is active
 []| \T2A/LibertinusSerif-TLF/m/n/14.4 59|
 []


Package fancyhdr Warning: \headheight is too small (14.0pt): 
(fancyhdr)                Make it at least 17.0pt, for example:
(fancyhdr)                \setlength{\headheight}{17.0pt}.
(fancyhdr)                You might also make \topmargin smaller to compensate:

(fancyhdr)                \addtolength{\topmargin}{-3.0pt}.

[59]
Overfull \hbox (81.31526pt too wide) has occurred while \output is active
 []| \T2A/LibertinusSerif-TLF/m/n/14.4 60|
 []


Package fancyhdr Warning: \headheight is too small (14.0pt): 
(fancyhdr)                Make it at least 17.0pt, for example:
(fancyhdr)                \setlength{\headheight}{17.0pt}.
(fancyhdr)                You might also make \topmargin smaller to compensate:

(fancyhdr)                \addtolength{\topmargin}{-3.0pt}.

[60]
Overfull \hbox (81.31526pt too wide) has occurred while \output is active
 []| \T2A/LibertinusSerif-TLF/m/n/14.4 61|
 []


Package fancyhdr Warning: \headheight is too small (14.0pt): 
(fancyhdr)                Make it at least 17.0pt, for example:
(fancyhdr)                \setlength{\headheight}{17.0pt}.
(fancyhdr)                You might also make \topmargin smaller to compensate:

(fancyhdr)                \addtolength{\topmargin}{-3.0pt}.

[61]
Overfull \hbox (81.31526pt too wide) has occurred while \output is active
 []| \T2A/LibertinusSerif-TLF/m/n/14.4 62|
 []


Package fancyhdr Warning: \headheight is too small (14.0pt): 
(fancyhdr)                Make it at least 17.0pt, for example:
(fancyhdr)                \setlength{\headheight}{17.0pt}.
(fancyhdr)                You might also make \topmargin smaller to compensate:

(fancyhdr)                \addtolength{\topmargin}{-3.0pt}.

[62]
Overfull \hbox (81.31526pt too wide) has occurred while \output is active
 []| \T2A/LibertinusSerif-TLF/m/n/14.4 63|
 []


Package fancyhdr Warning: \headheight is too small (14.0pt): 
(fancyhdr)                Make it at least 17.0pt, for example:
(fancyhdr)                \setlength{\headheight}{17.0pt}.
(fancyhdr)                You might also make \topmargin smaller to compensate:

(fancyhdr)                \addtolength{\topmargin}{-3.0pt}.

[63]
Overfull \hbox (81.31526pt too wide) has occurred while \output is active
 []| \T2A/LibertinusSerif-TLF/m/n/14.4 64|
 []


Package fancyhdr Warning: \headheight is too small (14.0pt): 
(fancyhdr)                Make it at least 17.0pt, for example:
(fancyhdr)                \setlength{\headheight}{17.0pt}.
(fancyhdr)                You might also make \topmargin smaller to compensate:

(fancyhdr)                \addtolength{\topmargin}{-3.0pt}.

[64]
Overfull \hbox (4.08041pt too wide) in paragraph at lines 713--714
[]\T2A/LibertinusSerif-TLF/m/n/14.4 Numerous stud-ies demon-strated risk of bia
s re-lated to out-come mea-sure-ment [[]].
 []


Overfull \hbox (81.31526pt too wide) has occurred while \output is active
 []| \T2A/LibertinusSerif-TLF/m/n/14.4 65|
 []


Package fancyhdr Warning: \headheight is too small (14.0pt): 
(fancyhdr)                Make it at least 17.0pt, for example:
(fancyhdr)                \setlength{\headheight}{17.0pt}.
(fancyhdr)                You might also make \topmargin smaller to compensate:

(fancyhdr)                \addtolength{\topmargin}{-3.0pt}.

[65]
Overfull \hbox (81.31526pt too wide) has occurred while \output is active
 []| \T2A/LibertinusSerif-TLF/m/n/14.4 66|
 []


Package fancyhdr Warning: \headheight is too small (14.0pt): 
(fancyhdr)                Make it at least 17.0pt, for example:
(fancyhdr)                \setlength{\headheight}{17.0pt}.
(fancyhdr)                You might also make \topmargin smaller to compensate:

(fancyhdr)                \addtolength{\topmargin}{-3.0pt}.

[66]
Overfull \hbox (81.31526pt too wide) has occurred while \output is active
 []| \T2A/LibertinusSerif-TLF/m/n/14.4 67|
 []


Package fancyhdr Warning: \headheight is too small (14.0pt): 
(fancyhdr)                Make it at least 17.0pt, for example:
(fancyhdr)                \setlength{\headheight}{17.0pt}.
(fancyhdr)                You might also make \topmargin smaller to compensate:

(fancyhdr)                \addtolength{\topmargin}{-3.0pt}.

[67]
Overfull \hbox (7.4429pt too wide) in paragraph at lines 746--747
[]\T2A/LibertinusSerif-TLF/m/n/14.4 Describe the mea-sure-ment in-stru-ments us
ed and pro-vide ev-i-dence of va-lid-ity and/or
 []


Overfull \hbox (81.31526pt too wide) has occurred while \output is active
 []| \T2A/LibertinusSerif-TLF/m/n/14.4 68|
 []


Package fancyhdr Warning: \headheight is too small (14.0pt): 
(fancyhdr)                Make it at least 17.0pt, for example:
(fancyhdr)                \setlength{\headheight}{17.0pt}.
(fancyhdr)                You might also make \topmargin smaller to compensate:

(fancyhdr)                \addtolength{\topmargin}{-3.0pt}.

[68]
Overfull \hbox (5.81918pt too wide) in paragraph at lines 763--763
|[]\T2A/LibertinusSerif-TLF/b/n/17.28 Gamification and dig-i-tal com-pe-tence: 
im-ple-men-ta-tion through
 []


Overfull \hbox (81.31526pt too wide) has occurred while \output is active
 []| \T2A/LibertinusSerif-TLF/m/n/14.4 69|
 []


Package fancyhdr Warning: \headheight is too small (14.0pt): 
(fancyhdr)                Make it at least 17.0pt, for example:
(fancyhdr)                \setlength{\headheight}{17.0pt}.
(fancyhdr)                You might also make \topmargin smaller to compensate:

(fancyhdr)                \addtolength{\topmargin}{-3.0pt}.

[69]
Overfull \hbox (17.66277pt too wide) in paragraph at lines 772--773
[]\T2A/LibertinusSerif-TLF/b/n/14.4 Digital con-tent cre-ation\T2A/LibertinusSe
rif-TLF/m/n/14.4 : De-vel-op-ing dig-i-tal con-tent; in-te-grat-ing and re-elab
orating
 []


Overfull \hbox (0.57666pt too wide) in paragraph at lines 773--774
[]\T2A/LibertinusSerif-TLF/b/n/14.4 Safety\T2A/LibertinusSerif-TLF/m/n/14.4 : P
ro-tect-ing de-vices; pro-tect-ing per-sonal data and pri-vacy; pro-tect-ing he
alth
 []


Underfull \hbox (badness 3536) in paragraph at lines 790--790
[]|\T2A/LibertinusSerif-TLF/m/n/12 1. In-for-ma-tion
 []


Underfull \hbox (badness 1917) in paragraph at lines 790--790
[]|\T2A/LibertinusSerif-TLF/m/n/12 1.1 Brows-ing, search-
 []


Underfull \hbox (badness 10000) in paragraph at lines 790--791
[]|\T2A/LibertinusSerif-TLF/m/n/12 Navigating Google Forms
 []


Underfull \hbox (badness 6063) in paragraph at lines 790--791
\T2A/LibertinusSerif-TLF/m/n/12 quizzes; eval-u-at-ing his-tor-i-cal
 []


Underfull \hbox (badness 10000) in paragraph at lines 790--791
\T2A/LibertinusSerif-TLF/m/n/12 sources in quiz ques-tions;
 []


Underfull \hbox (badness 1117) in paragraph at lines 792--792
[]|\T2A/LibertinusSerif-TLF/m/n/12 2. Com-mu-ni-ca-
 []


Underfull \hbox (badness 10000) in paragraph at lines 792--792
[]|\T2A/LibertinusSerif-TLF/m/n/12 2.1 In-ter-act-ing; 2.2
 []


Underfull \hbox (badness 2828) in paragraph at lines 792--792
\T2A/LibertinusSerif-TLF/m/n/12 Shar-ing; 2.4 Col-lab-o-
 []


Underfull \hbox (badness 10000) in paragraph at lines 794--795
[]|\T2A/LibertinusSerif-TLF/m/n/12 Interacting with His-to-ry-
 []


Underfull \hbox (badness 2205) in paragraph at lines 794--795
\T2A/LibertinusSerif-TLF/m/n/12 LikeGame plat-form; en-gag-ing
 []


Underfull \hbox (badness 3930) in paragraph at lines 796--796
\T2A/LibertinusSerif-TLF/m/n/12 4.3 Health and well-
 []


Underfull \hbox (badness 1460) in paragraph at lines 796--797
[]|\T2A/LibertinusSerif-TLF/m/n/12 Wartime dig-i-tal safety aware-
 []


Underfull \hbox (badness 2538) in paragraph at lines 798--798
\T2A/LibertinusSerif-TLF/m/n/12 5.2 Iden-ti-fy-ing needs;
 []


Overfull \hbox (81.31526pt too wide) has occurred while \output is active
 []| \T2A/LibertinusSerif-TLF/m/n/14.4 70|
 []


Package fancyhdr Warning: \headheight is too small (14.0pt): 
(fancyhdr)                Make it at least 17.0pt, for example:
(fancyhdr)                \setlength{\headheight}{17.0pt}.
(fancyhdr)                You might also make \topmargin smaller to compensate:

(fancyhdr)                \addtolength{\topmargin}{-3.0pt}.

[70]
Overfull \hbox (81.31526pt too wide) has occurred while \output is active
 []| \T2A/LibertinusSerif-TLF/m/n/14.4 71|
 []


Package fancyhdr Warning: \headheight is too small (14.0pt): 
(fancyhdr)                Make it at least 17.0pt, for example:
(fancyhdr)                \setlength{\headheight}{17.0pt}.
(fancyhdr)                You might also make \topmargin smaller to compensate:

(fancyhdr)                \addtolength{\topmargin}{-3.0pt}.

[71]
Overfull \hbox (1.25264pt too wide) in paragraph at lines 811--812
\T2A/LibertinusSerif-TLF/m/n/14.4 solving: stu-dents must iden-tify rel-e-vant 
in-for-ma-tion, ap-ply his-tor-i-cal knowl-edge to novel
 []


Overfull \hbox (81.31526pt too wide) has occurred while \output is active
 []| \T2A/LibertinusSerif-TLF/m/n/14.4 72|
 []


Package fancyhdr Warning: \headheight is too small (14.0pt): 
(fancyhdr)                Make it at least 17.0pt, for example:
(fancyhdr)                \setlength{\headheight}{17.0pt}.
(fancyhdr)                You might also make \topmargin smaller to compensate:

(fancyhdr)                \addtolength{\topmargin}{-3.0pt}.

[72]
Overfull \hbox (81.31526pt too wide) has occurred while \output is active
 []| \T2A/LibertinusSerif-TLF/m/n/14.4 73|
 []


Package fancyhdr Warning: \headheight is too small (14.0pt): 
(fancyhdr)                Make it at least 17.0pt, for example:
(fancyhdr)                \setlength{\headheight}{17.0pt}.
(fancyhdr)                You might also make \topmargin smaller to compensate:

(fancyhdr)                \addtolength{\topmargin}{-3.0pt}.

[73]
Overfull \hbox (0.61777pt too wide) in paragraph at lines 826--827
[]\T2A/LibertinusSerif-TLF/b/n/14.4 Integrate as-sess-ment with learn-ing \T2A/
LibertinusSerif-TLF/m/n/14.4 (Dig-Comp Ar-eas 1, 5): Use gam-i-fied quizzes
 []


Overfull \hbox (2.31116pt too wide) in paragraph at lines 832--833
\T2A/LibertinusSerif-TLF/m/n/14.4 im-ple-men-ta-tion (chat logs, as-sess-ment d
ata, plat-form an-a-lyt-ics) to en-able evidence-
 []


Overfull \hbox (81.31526pt too wide) has occurred while \output is active
 []| \T2A/LibertinusSerif-TLF/m/n/14.4 74|
 []


Package fancyhdr Warning: \headheight is too small (14.0pt): 
(fancyhdr)                Make it at least 17.0pt, for example:
(fancyhdr)                \setlength{\headheight}{17.0pt}.
(fancyhdr)                You might also make \topmargin smaller to compensate:

(fancyhdr)                \addtolength{\topmargin}{-3.0pt}.

[74]
Overfull \hbox (81.31526pt too wide) has occurred while \output is active
 []| \T2A/LibertinusSerif-TLF/m/n/14.4 75|
 []


Package fancyhdr Warning: \headheight is too small (14.0pt): 
(fancyhdr)                Make it at least 17.0pt, for example:
(fancyhdr)                \setlength{\headheight}{17.0pt}.
(fancyhdr)                You might also make \topmargin smaller to compensate:

(fancyhdr)                \addtolength{\topmargin}{-3.0pt}.

[75]
Overfull \hbox (81.31526pt too wide) has occurred while \output is active
 []| \T2A/LibertinusSerif-TLF/m/n/14.4 76|
 []


Package fancyhdr Warning: \headheight is too small (14.0pt): 
(fancyhdr)                Make it at least 17.0pt, for example:
(fancyhdr)                \setlength{\headheight}{17.0pt}.
(fancyhdr)                You might also make \topmargin smaller to compensate:

(fancyhdr)                \addtolength{\topmargin}{-3.0pt}.

[76])
Overfull \hbox (81.31526pt too wide) has occurred while \output is active
 []| \T2A/LibertinusSerif-TLF/m/n/14.4 77|
 []


Package fancyhdr Warning: \headheight is too small (14.0pt): 
(fancyhdr)                Make it at least 17.0pt, for example:
(fancyhdr)                \setlength{\headheight}{17.0pt}.
(fancyhdr)                You might also make \topmargin smaller to compensate:

(fancyhdr)                \addtolength{\topmargin}{-3.0pt}.

[77]
\openout2 = `chapter2.aux'.

 (./chapter2.tex
Chapter 2.

Overfull \hbox (0.75385pt too wide) in paragraph at lines 7--8
[]\T2A/LibertinusSerif-TLF/m/n/14.4 The ped-a-gog-i-cal ex-per-i-ment was con-d
ucted at the Cen-tre for Pre-University Train-
 []


Overfull \hbox (25.39157pt too wide) in paragraph at lines 7--8
\T2A/LibertinusSerif-TLF/m/n/14.4 ing and Ed-u-ca-tion (CDPO) of Kryvyi Rih Sta
te Ped-a-gog-i-cal Uni-ver-sity (KDPU), Ukraine [[]].
 []


Overfull \hbox (81.31526pt too wide) has occurred while \output is active
 []| \T2A/LibertinusSerif-TLF/m/n/14.4 78|
 []


Package fancyhdr Warning: \headheight is too small (14.0pt): 
(fancyhdr)                Make it at least 17.0pt, for example:
(fancyhdr)                \setlength{\headheight}{17.0pt}.
(fancyhdr)                You might also make \topmargin smaller to compensate:

(fancyhdr)                \addtolength{\topmargin}{-3.0pt}.

[78




]
Overfull \hbox (9.6901pt too wide) in paragraph at lines 23--24
[]\T2A/LibertinusSerif-TLF/m/n/14.4 The test for-mat in-cludes multiple-choice 
ques-tions, match-ing/correspondence tasks,
 []


Underfull \hbox (badness 10000) in paragraph at lines 32--32
[]|\T2A/LibertinusSerif-TLF/b/n/12 NMT ques-tion
 []


Underfull \hbox (badness 10000) in paragraph at lines 32--33
[]|\T2A/LibertinusSerif-TLF/b/n/12 Gamification cor-re-spon-
 []


Overfull \hbox (42.57358pt too wide) in paragraph at lines 35--35
[]|\T2A/LibertinusSerif-TLF/m/n/12 Matching/correspondence| 
 []


Underfull \hbox (badness 6188) in paragraph at lines 35--35
[]|\T2A/LibertinusSerif-TLF/m/n/12 Association, cat-e-gori-
 []


Underfull \hbox (badness 1997) in paragraph at lines 35--36
[]|\T2A/LibertinusSerif-TLF/m/n/12 HistoryLikeGame drag-and-
 []


Underfull \hbox (badness 10000) in paragraph at lines 36--36
[]|\T2A/LibertinusSerif-TLF/m/n/12 Chronological
 []


Underfull \hbox (badness 1997) in paragraph at lines 36--37
[]|\T2A/LibertinusSerif-TLF/m/n/12 HistoryLikeGame drag-and-
 []

<figures//posibnyk_4_visual_sources.jpg, id=2020, 246.6816pt x 370.0224pt>
File: figures//posibnyk_4_visual_sources.jpg Graphic file (type jpg)
<use figures//posibnyk_4_visual_sources.jpg>
Package pdftex.def Info: figures//posibnyk_4_visual_sources.jpg  used on input 
line 49.
(pdftex.def)             Requested size: 358.50317pt x 537.80603pt.

Overfull \hbox (81.31526pt too wide) has occurred while \output is active
 []| \T2A/LibertinusSerif-TLF/m/n/14.4 79|
 []


Package fancyhdr Warning: \headheight is too small (14.0pt): 
(fancyhdr)                Make it at least 17.0pt, for example:
(fancyhdr)                \setlength{\headheight}{17.0pt}.
(fancyhdr)                You might also make \topmargin smaller to compensate:

(fancyhdr)                \addtolength{\topmargin}{-3.0pt}.

[79]
Overfull \hbox (81.31526pt too wide) has occurred while \output is active
 []| \T2A/LibertinusSerif-TLF/m/n/14.4 80|
 []


Package fancyhdr Warning: \headheight is too small (14.0pt): 
(fancyhdr)                Make it at least 17.0pt, for example:
(fancyhdr)                \setlength{\headheight}{17.0pt}.
(fancyhdr)                You might also make \topmargin smaller to compensate:

(fancyhdr)                \addtolength{\topmargin}{-3.0pt}.

[80 <./figures//posibnyk_4_visual_sources.jpg>]
Overfull \hbox (81.31526pt too wide) has occurred while \output is active
 []| \T2A/LibertinusSerif-TLF/m/n/14.4 81|
 []


Package fancyhdr Warning: \headheight is too small (14.0pt): 
(fancyhdr)                Make it at least 17.0pt, for example:
(fancyhdr)                \setlength{\headheight}{17.0pt}.
(fancyhdr)                You might also make \topmargin smaller to compensate:

(fancyhdr)                \addtolength{\topmargin}{-3.0pt}.

[81]
Overfull \hbox (81.31526pt too wide) has occurred while \output is active
 []| \T2A/LibertinusSerif-TLF/m/n/14.4 82|
 []


Package fancyhdr Warning: \headheight is too small (14.0pt): 
(fancyhdr)                Make it at least 17.0pt, for example:
(fancyhdr)                \setlength{\headheight}{17.0pt}.
(fancyhdr)                You might also make \topmargin smaller to compensate:

(fancyhdr)                \addtolength{\topmargin}{-3.0pt}.

[82]
Overfull \hbox (81.31526pt too wide) has occurred while \output is active
 []| \T2A/LibertinusSerif-TLF/m/n/14.4 83|
 []


Package fancyhdr Warning: \headheight is too small (14.0pt): 
(fancyhdr)                Make it at least 17.0pt, for example:
(fancyhdr)                \setlength{\headheight}{17.0pt}.
(fancyhdr)                You might also make \topmargin smaller to compensate:

(fancyhdr)                \addtolength{\topmargin}{-3.0pt}.

[83]
<figures//posibnyk_1_nmt_structure.jpg, id=2078, 246.6816pt x 370.0224pt>
File: figures//posibnyk_1_nmt_structure.jpg Graphic file (type jpg)
<use figures//posibnyk_1_nmt_structure.jpg>
Package pdftex.def Info: figures//posibnyk_1_nmt_structure.jpg  used on input l
ine 143.
(pdftex.def)             Requested size: 307.2929pt x 460.98547pt.

Overfull \hbox (81.31526pt too wide) has occurred while \output is active
 []| \T2A/LibertinusSerif-TLF/m/n/14.4 84|
 []


Package fancyhdr Warning: \headheight is too small (14.0pt): 
(fancyhdr)                Make it at least 17.0pt, for example:
(fancyhdr)                \setlength{\headheight}{17.0pt}.
(fancyhdr)                You might also make \topmargin smaller to compensate:

(fancyhdr)                \addtolength{\topmargin}{-3.0pt}.

[84]
Overfull \hbox (81.31526pt too wide) has occurred while \output is active
 []| \T2A/LibertinusSerif-TLF/m/n/14.4 85|
 []


Package fancyhdr Warning: \headheight is too small (14.0pt): 
(fancyhdr)                Make it at least 17.0pt, for example:
(fancyhdr)                \setlength{\headheight}{17.0pt}.
(fancyhdr)                You might also make \topmargin smaller to compensate:

(fancyhdr)                \addtolength{\topmargin}{-3.0pt}.

[85 <./figures//posibnyk_1_nmt_structure.jpg>]
Overfull \hbox (8.48721pt too wide) in paragraph at lines 167--168
\T2A/LibertinusSerif-TLF/m/n/14.4 na-ture of these as-sess-ments (em-pha-sised 
in the chat log with phrases like ``ОБОВ'ЯЗКОВО
 []


Overfull \hbox (81.31526pt too wide) has occurred while \output is active
 []| \T2A/LibertinusSerif-TLF/m/n/14.4 86|
 []


Package fancyhdr Warning: \headheight is too small (14.0pt): 
(fancyhdr)                Make it at least 17.0pt, for example:
(fancyhdr)                \setlength{\headheight}{17.0pt}.
(fancyhdr)                You might also make \topmargin smaller to compensate:

(fancyhdr)                \addtolength{\topmargin}{-3.0pt}.

[86]
Overfull \hbox (2.25813pt too wide) in paragraph at lines 180--181
[]\T2A/LibertinusSerif-TLF/m/n/14.4 Automatic scor-ing with the ``X / Y'' for-m
at (points achieved / max-i-mum points) [[]]; 
 []


Overfull \hbox (81.31526pt too wide) has occurred while \output is active
 []| \T2A/LibertinusSerif-TLF/m/n/14.4 87|
 []


Package fancyhdr Warning: \headheight is too small (14.0pt): 
(fancyhdr)                Make it at least 17.0pt, for example:
(fancyhdr)                \setlength{\headheight}{17.0pt}.
(fancyhdr)                You might also make \topmargin smaller to compensate:

(fancyhdr)                \addtolength{\topmargin}{-3.0pt}.

[87]
Overfull \hbox (124.09543pt too wide) in paragraph at lines 212--213
[]\T2A/LibertinusSerif-TLF/b/n/14.4 Greek mythol-ogy\T2A/LibertinusSerif-TLF/m/
n/14.4 : Sem-i-nar 20 (Ахiл/Achilles, Беллерофонт/Bellerophon, Скамандрiй/Scama
ndrius,
 []


Overfull \hbox (23.9963pt too wide) in paragraph at lines 214--215
[]\T2A/LibertinusSerif-TLF/b/n/14.4 Flowers\T2A/LibertinusSerif-TLF/m/n/14.4 : 
Sem-i-nars 25, 29 (Айстра/Aster, Барвiнок/Periwinkle, Волошка/Cornflower,
 []


Overfull \hbox (0.40915pt too wide) in paragraph at lines 215--216
[]\T2A/LibertinusSerif-TLF/b/n/14.4 Trees\T2A/LibertinusSerif-TLF/m/n/14.4 : Se
m-i-nar 27 (Акацiя/Acacia, Баобаб/Baobab, Вiльха/Alder, Гiнкго/Ginkgo) 
 []


Overfull \hbox (19.53236pt too wide) in paragraph at lines 216--217
[]\T2A/LibertinusSerif-TLF/b/n/14.4 Minerals\T2A/LibertinusSerif-TLF/m/n/14.4 :
 Sem-i-nar 30 (Азбест/Asbestos, Берил/Beryl, Воксит/Bauxite, Галiт/Halite) 
 []


Overfull \hbox (81.31526pt too wide) has occurred while \output is active
 []| \T2A/LibertinusSerif-TLF/m/n/14.4 88|
 []


Package fancyhdr Warning: \headheight is too small (14.0pt): 
(fancyhdr)                Make it at least 17.0pt, for example:
(fancyhdr)                \setlength{\headheight}{17.0pt}.
(fancyhdr)                You might also make \topmargin smaller to compensate:

(fancyhdr)                \addtolength{\topmargin}{-3.0pt}.

[88]
Overfull \hbox (3.95834pt too wide) in paragraph at lines 232--233
[]\T2A/LibertinusSerif-TLF/b/n/14.4 Teaching ma-te-ri-als\T2A/LibertinusSerif-T
LF/m/n/14.4 : 51 file shares (work-sheets, pre-sen-ta-tions) and 46 video share
s
 []


Overfull \hbox (95.21185pt too wide) in paragraph at lines 242--243
\T2A/LibertinusSerif-TLF/m/n/14.4 specif-i-cally for this study [[], []]. The p
lat-form is hosted at \T2A/LibertinusMono-TLF/m/n/14.4 as-trafree-man.github.io
/HistoryLikeGame/
 []

<figures//game_screenshot_palia.jpg, id=2135, 414.04688pt x 320.69812pt>
File: figures//game_screenshot_palia.jpg Graphic file (type jpg)
<use figures//game_screenshot_palia.jpg>
Package pdftex.def Info: figures//game_screenshot_palia.jpg  used on input line
 246.
(pdftex.def)             Requested size: 384.11221pt x 297.52193pt.

Overfull \hbox (28.65555pt too wide) in paragraph at lines 274--275
\T2A/LibertinusSerif-TLF/m/n/14.4 his-tory, which en-com-passes mul-ti-ple civi
l-i-sa-tions, state for-ma-tions, and cul-tural epochs [[]].
 []


Overfull \hbox (81.31526pt too wide) has occurred while \output is active
 []| \T2A/LibertinusSerif-TLF/m/n/14.4 89|
 []


Package fancyhdr Warning: \headheight is too small (14.0pt): 
(fancyhdr)                Make it at least 17.0pt, for example:
(fancyhdr)                \setlength{\headheight}{17.0pt}.
(fancyhdr)                You might also make \topmargin smaller to compensate:

(fancyhdr)                \addtolength{\topmargin}{-3.0pt}.

[89]
Overfull \hbox (5.93254pt too wide) in paragraph at lines 278--279
[]\T2A/LibertinusSerif-TLF/m/n/14.4 Automated anal-y-sis of the 23 HTML source 
files (us-ing the \T2A/LibertinusMono-TLF/m/n/14.4 cat-a-log_gamification.py
 []


Overfull \hbox (81.31526pt too wide) has occurred while \output is active
 []| \T2A/LibertinusSerif-TLF/m/n/14.4 90|
 []


Package fancyhdr Warning: \headheight is too small (14.0pt): 
(fancyhdr)                Make it at least 17.0pt, for example:
(fancyhdr)                \setlength{\headheight}{17.0pt}.
(fancyhdr)                You might also make \topmargin smaller to compensate:

(fancyhdr)                \addtolength{\topmargin}{-3.0pt}.

[90 <./figures//game_screenshot_palia.jpg>]
Overfull \hbox (81.31526pt too wide) has occurred while \output is active
 []| \T2A/LibertinusSerif-TLF/m/n/14.4 91|
 []


Package fancyhdr Warning: \headheight is too small (14.0pt): 
(fancyhdr)                Make it at least 17.0pt, for example:
(fancyhdr)                \setlength{\headheight}{17.0pt}.
(fancyhdr)                You might also make \topmargin smaller to compensate:

(fancyhdr)                \addtolength{\topmargin}{-3.0pt}.

[91]
Overfull \hbox (7.75475pt too wide) in paragraph at lines 336--337
[]\T2A/LibertinusSerif-TLF/b/n/14.4 Progressive com-plex-ity\T2A/LibertinusSeri
f-TLF/m/n/14.4 : Sec-tions fol-low the chrono-log-i-cal struc-ture of the cours
e,
 []


Overfull \hbox (6.1318pt too wide) in paragraph at lines 338--339
[]\T2A/LibertinusSerif-TLF/b/n/14.4 Immediate feed-back\T2A/LibertinusSerif-TLF
/m/n/14.4 : In-stant vi-sual feed-back sup-ports self-regulated learn-ing [[],
 []


Overfull \hbox (10.1555pt too wide) in paragraph at lines 339--340
[]\T2A/LibertinusSerif-TLF/b/n/14.4 Low bar-rier to en-try\T2A/LibertinusSerif-
TLF/m/n/14.4 : No reg-is-tra-tion, lo-gin, or soft-ware in-stal-la-tion re-quir
ed [[]]. 
 []


Underfull \hbox (badness 10000) in paragraph at lines 353--353
[]|\T2A/LibertinusSerif-TLF/b/n/12 Design prin-ci-
 []


Underfull \hbox (badness 10000) in paragraph at lines 355--355
[]|\T2A/LibertinusSerif-TLF/m/n/12 Historical au-
 []


Underfull \hbox (badness 10000) in paragraph at lines 355--355
[]|\T2A/LibertinusSerif-TLF/m/n/12 All con-tent ver-i-fied
 []


Underfull \hbox (badness 1715) in paragraph at lines 355--355
\T2A/LibertinusSerif-TLF/m/n/12 against NMT cur-ricu-
 []


Underfull \hbox (badness 1577) in paragraph at lines 355--355
\T2A/LibertinusSerif-TLF/m/n/12 lum; fac-tual ac-cu-racy
 []


Underfull \hbox (badness 1577) in paragraph at lines 355--356
[]|\T2A/LibertinusSerif-TLF/m/n/12 Studies with ac-cu-rate con-tent
 []


Underfull \hbox (badness 10000) in paragraph at lines 355--356
\T2A/LibertinusSerif-TLF/m/n/12 re-ported stronger out-comes;
 []


Underfull \hbox (badness 10000) in paragraph at lines 355--356
\T2A/LibertinusSerif-TLF/m/n/12 10.8% re-port-ing neg-a-tives
 []


Underfull \hbox (badness 10000) in paragraph at lines 357--357
[]|\T2A/LibertinusSerif-TLF/m/n/12 Narrative in-te-
 []


Underfull \hbox (badness 10000) in paragraph at lines 357--357
[]|\T2A/LibertinusSerif-TLF/m/n/12 Chronological struc-
 []


Underfull \hbox (badness 2173) in paragraph at lines 357--357
\T2A/LibertinusSerif-TLF/m/n/12 ture fol-low-ing his-tor-
 []


Underfull \hbox (badness 1337) in paragraph at lines 357--357
\T2A/LibertinusSerif-TLF/m/n/12 i-cal pe-ri-ods; the-matic
 []


Underfull \hbox (badness 10000) in paragraph at lines 357--358
\T2A/LibertinusSerif-TLF/m/n/12 with his-tor-i-cal in-ves-ti-ga-tion;
 []


Underfull \hbox (badness 5359) in paragraph at lines 357--358
\T2A/LibertinusSerif-TLF/m/n/12 strongest ef-fects on af-fec-tive
 []


Underfull \hbox (badness 10000) in paragraph at lines 359--359
\T2A/LibertinusSerif-TLF/m/n/12 re-view; in-creas-ing
 []


Underfull \hbox (badness 10000) in paragraph at lines 359--359
\T2A/LibertinusSerif-TLF/m/n/12 com-plex-ity within
 []


Underfull \hbox (badness 10000) in paragraph at lines 359--360
[]|\T2A/LibertinusSerif-TLF/m/n/12 Scaffolded chal-lenges from
 []


Underfull \hbox (badness 10000) in paragraph at lines 359--360
\T2A/LibertinusSerif-TLF/m/n/12 recog-ni-tion to anal-y-sis to
 []


Underfull \hbox (badness 2884) in paragraph at lines 359--360
\T2A/LibertinusSerif-TLF/m/n/12 syn-the-sis sup-ported sus-tained
 []


Underfull \hbox (badness 5417) in paragraph at lines 361--361
[]|\T2A/LibertinusSerif-TLF/m/n/12 Immediate feed-
 []


Underfull \hbox (badness 10000) in paragraph at lines 361--361
[]|\T2A/LibertinusSerif-TLF/m/n/12 Colour-coded re-
 []


Underfull \hbox (badness 10000) in paragraph at lines 361--361
\T2A/LibertinusSerif-TLF/m/n/12 sponses (green/red);
 []


Underfull \hbox (badness 1655) in paragraph at lines 361--362
[]|\T2A/LibertinusSerif-TLF/m/n/12 Enabled it-er-a-tive learn-ing cy-
 []


Underfull \hbox (badness 1762) in paragraph at lines 361--362
\T2A/LibertinusSerif-TLF/m/n/12 cles; par-tic-u-larly ef-fec-tive for
 []


Underfull \hbox (badness 10000) in paragraph at lines 363--363
[]|\T2A/LibertinusSerif-TLF/m/n/12 Social el-e-
 []


Underfull \hbox (badness 6691) in paragraph at lines 363--363
[]|\T2A/LibertinusSerif-TLF/m/n/12 Viber group shar-ing;
 []


Underfull \hbox (badness 1629) in paragraph at lines 363--364
\T2A/LibertinusSerif-TLF/m/n/12 more con-sis-tently pos-i-tive ef-
 []


Underfull \hbox (badness 1062) in paragraph at lines 365--365
[]|\T2A/LibertinusSerif-TLF/m/n/12 Multiple modal-i-
 []


Underfull \hbox (badness 2894) in paragraph at lines 365--365
[]|\T2A/LibertinusSerif-TLF/m/n/12 Drag-and-drop + text
 []


Underfull \hbox (badness 10000) in paragraph at lines 365--366
[]|\T2A/LibertinusSerif-TLF/m/n/12 Multimodal en-gage-ment
 []


Underfull \hbox (badness 10000) in paragraph at lines 365--366
\T2A/LibertinusSerif-TLF/m/n/12 ad-dressed di-verse learn-ing
 []


Overfull \hbox (81.31526pt too wide) has occurred while \output is active
 []| \T2A/LibertinusSerif-TLF/m/n/14.4 92|
 []


Package fancyhdr Warning: \headheight is too small (14.0pt): 
(fancyhdr)                Make it at least 17.0pt, for example:
(fancyhdr)                \setlength{\headheight}{17.0pt}.
(fancyhdr)                You might also make \topmargin smaller to compensate:

(fancyhdr)                \addtolength{\topmargin}{-3.0pt}.

[92]
Overfull \hbox (81.31526pt too wide) has occurred while \output is active
 []| \T2A/LibertinusSerif-TLF/m/n/14.4 93|
 []


Package fancyhdr Warning: \headheight is too small (14.0pt): 
(fancyhdr)                Make it at least 17.0pt, for example:
(fancyhdr)                \setlength{\headheight}{17.0pt}.
(fancyhdr)                You might also make \topmargin smaller to compensate:

(fancyhdr)                \addtolength{\topmargin}{-3.0pt}.

[93]
Overfull \hbox (81.31526pt too wide) has occurred while \output is active
 []| \T2A/LibertinusSerif-TLF/m/n/14.4 94|
 []


Package fancyhdr Warning: \headheight is too small (14.0pt): 
(fancyhdr)                Make it at least 17.0pt, for example:
(fancyhdr)                \setlength{\headheight}{17.0pt}.
(fancyhdr)                You might also make \topmargin smaller to compensate:

(fancyhdr)                \addtolength{\topmargin}{-3.0pt}.

[94]
Overfull \hbox (21.23375pt too wide) in paragraph at lines 402--403
\T2A/LibertinusSerif-TLF/m/n/14.4 men-tary re-sources were stored on Google Dri
ve and could be ac-cessed asyn-chronously
 []


Overfull \hbox (81.31526pt too wide) has occurred while \output is active
 []| \T2A/LibertinusSerif-TLF/m/n/14.4 95|
 []


Package fancyhdr Warning: \headheight is too small (14.0pt): 
(fancyhdr)                Make it at least 17.0pt, for example:
(fancyhdr)                \setlength{\headheight}{17.0pt}.
(fancyhdr)                You might also make \topmargin smaller to compensate:

(fancyhdr)                \addtolength{\topmargin}{-3.0pt}.

[95]
<figures//posibnyk_6_digital_platforms.jpg, id=2254, 246.6816pt x 370.0224pt>
File: figures//posibnyk_6_digital_platforms.jpg Graphic file (type jpg)
<use figures//posibnyk_6_digital_platforms.jpg>
Package pdftex.def Info: figures//posibnyk_6_digital_platforms.jpg  used on inp
ut line 411.
(pdftex.def)             Requested size: 332.89412pt x 499.3901pt.

Overfull \hbox (0.78442pt too wide) in paragraph at lines 422--423
\T2A/LibertinusSerif-TLF/m/n/14.4 trols) ac-com-mo-dated stu-dents whose par-ti
c-i-pa-tion was dis-rupted by cir-cum-stances
 []


Overfull \hbox (0.55983pt too wide) in paragraph at lines 425--426
[]\T2A/LibertinusSerif-TLF/m/n/14.4 The in-struc-tor's safety-first com-mu-ni-c
a-tion style (doc-u-mented in the chat log anal-
 []


Overfull \hbox (81.31526pt too wide) has occurred while \output is active
 []| \T2A/LibertinusSerif-TLF/m/n/14.4 96|
 []


Package fancyhdr Warning: \headheight is too small (14.0pt): 
(fancyhdr)                Make it at least 17.0pt, for example:
(fancyhdr)                \setlength{\headheight}{17.0pt}.
(fancyhdr)                You might also make \topmargin smaller to compensate:

(fancyhdr)                \addtolength{\topmargin}{-3.0pt}.

[96]
Overfull \hbox (81.31526pt too wide) has occurred while \output is active
 []| \T2A/LibertinusSerif-TLF/m/n/14.4 97|
 []


Package fancyhdr Warning: \headheight is too small (14.0pt): 
(fancyhdr)                Make it at least 17.0pt, for example:
(fancyhdr)                \setlength{\headheight}{17.0pt}.
(fancyhdr)                You might also make \topmargin smaller to compensate:

(fancyhdr)                \addtolength{\topmargin}{-3.0pt}.

[97 <./figures//posibnyk_6_digital_platforms.jpg>]
Overfull \hbox (81.31526pt too wide) has occurred while \output is active
 []| \T2A/LibertinusSerif-TLF/m/n/14.4 98|
 []


Package fancyhdr Warning: \headheight is too small (14.0pt): 
(fancyhdr)                Make it at least 17.0pt, for example:
(fancyhdr)                \setlength{\headheight}{17.0pt}.
(fancyhdr)                You might also make \topmargin smaller to compensate:

(fancyhdr)                \addtolength{\topmargin}{-3.0pt}.

[98]
Overfull \hbox (64.43214pt too wide) in paragraph at lines 444--445
\T2A/LibertinusSerif-TLF/m/n/14.4 Ukrainian phrases: ``iнтернет'' (in-ter-net),
 ``свiтло'' (power/light), ``сiмейними обставинами''
 []


Overfull \hbox (69.8928pt too wide) in paragraph at lines 444--445
\T2A/LibertinusSerif-TLF/m/n/14.4 (fam-ily cir-cum-stances), ``захворiла'' (ill
), ``запiзнюсь'' (late). Out-put: \T2A/LibertinusMono-TLF/m/n/14.4 en-roll-ment
_timeline.csv\T2A/LibertinusSerif-TLF/m/n/14.4 ,
 []


Overfull \hbox (7.67491pt too wide) in paragraph at lines 446--447
[]\T2A/LibertinusSerif-TLF/b/n/14.4 Gamification cat-a-loguer \T2A/LibertinusSe
rif-TLF/m/n/14.4 (\T2A/LibertinusMono-TLF/m/n/14.4 catalog_gamification.py\T2A/
LibertinusSerif-TLF/m/n/14.4 ): Anal-y-ses the 23 HTML game
 []


Overfull \hbox (81.31526pt too wide) has occurred while \output is active
 []| \T2A/LibertinusSerif-TLF/m/n/14.4 99|
 []


Package fancyhdr Warning: \headheight is too small (14.0pt): 
(fancyhdr)                Make it at least 17.0pt, for example:
(fancyhdr)                \setlength{\headheight}{17.0pt}.
(fancyhdr)                You might also make \topmargin smaller to compensate:

(fancyhdr)                \addtolength{\topmargin}{-3.0pt}.

[99]
Overfull \hbox (18.79082pt too wide) in paragraph at lines 457--458
[]\T2A/LibertinusSerif-TLF/m/n/14.4 Pre-gamification vs post-gamification sum-m
ary com-par-i-son (grouped bar chart). 
 []


Overfull \hbox (88.01126pt too wide) has occurred while \output is active
 []| \T2A/LibertinusSerif-TLF/m/n/14.4 100|
 []


Package fancyhdr Warning: \headheight is too small (14.0pt): 
(fancyhdr)                Make it at least 17.0pt, for example:
(fancyhdr)                \setlength{\headheight}{17.0pt}.
(fancyhdr)                You might also make \topmargin smaller to compensate:

(fancyhdr)                \addtolength{\topmargin}{-3.0pt}.

[100]
Overfull \hbox (88.01126pt too wide) has occurred while \output is active
 []| \T2A/LibertinusSerif-TLF/m/n/14.4 101|
 []


Package fancyhdr Warning: \headheight is too small (14.0pt): 
(fancyhdr)                Make it at least 17.0pt, for example:
(fancyhdr)                \setlength{\headheight}{17.0pt}.
(fancyhdr)                You might also make \topmargin smaller to compensate:

(fancyhdr)                \addtolength{\topmargin}{-3.0pt}.

[101])
Overfull \hbox (88.01126pt too wide) has occurred while \output is active
 []| \T2A/LibertinusSerif-TLF/m/n/14.4 102|
 []


Package fancyhdr Warning: \headheight is too small (14.0pt): 
(fancyhdr)                Make it at least 17.0pt, for example:
(fancyhdr)                \setlength{\headheight}{17.0pt}.
(fancyhdr)                You might also make \topmargin smaller to compensate:

(fancyhdr)                \addtolength{\topmargin}{-3.0pt}.

[102]
\openout2 = `chapter3.aux'.

 (./chapter3.tex
Chapter 3.
(./figures/enrollment_curve.tex
PGFPlots: reading {figures/enrollment_curve_data.csv}
)
Overfull \hbox (88.01126pt too wide) has occurred while \output is active
 []| \T2A/LibertinusSerif-TLF/m/n/14.4 103|
 []


Package fancyhdr Warning: \headheight is too small (14.0pt): 
(fancyhdr)                Make it at least 17.0pt, for example:
(fancyhdr)                \setlength{\headheight}{17.0pt}.
(fancyhdr)                You might also make \topmargin smaller to compensate:

(fancyhdr)                \addtolength{\topmargin}{-3.0pt}.

[103




]
Overfull \hbox (88.01126pt too wide) has occurred while \output is active
 []| \T2A/LibertinusSerif-TLF/m/n/14.4 104|
 []


Package fancyhdr Warning: \headheight is too small (14.0pt): 
(fancyhdr)                Make it at least 17.0pt, for example:
(fancyhdr)                \setlength{\headheight}{17.0pt}.
(fancyhdr)                You might also make \topmargin smaller to compensate:

(fancyhdr)                \addtolength{\topmargin}{-3.0pt}.

[104]
LaTeX Font Info:    Font shape `T2A/LibertinusSerif-TLF/m/n' will be
(Font)              scaled to size 10.0pt on input line 70.

Overfull \hbox (88.01126pt too wide) has occurred while \output is active
 []| \T2A/LibertinusSerif-TLF/m/n/14.4 105|
 []


Package fancyhdr Warning: \headheight is too small (14.0pt): 
(fancyhdr)                Make it at least 17.0pt, for example:
(fancyhdr)                \setlength{\headheight}{17.0pt}.
(fancyhdr)                You might also make \topmargin smaller to compensate:

(fancyhdr)                \addtolength{\topmargin}{-3.0pt}.

[105] (./figures/score_progression.tex
PGFPlots: reading {figures/score_progression_data.csv}
LaTeX Font Info:    Font shape `T2A/LibertinusSerif-TLF/m/n' will be
(Font)              scaled to size 8.0pt on input line 27.
)
Overfull \hbox (30.47272pt too wide) in paragraph at lines 43--112
 [][] 
 []


Overfull \hbox (88.01126pt too wide) has occurred while \output is active
 []| \T2A/LibertinusSerif-TLF/m/n/14.4 106|
 []


Package fancyhdr Warning: \headheight is too small (14.0pt): 
(fancyhdr)                Make it at least 17.0pt, for example:
(fancyhdr)                \setlength{\headheight}{17.0pt}.
(fancyhdr)                You might also make \topmargin smaller to compensate:

(fancyhdr)                \addtolength{\topmargin}{-3.0pt}.

[106] (./figures/full_course_comparison.tex
PGFPlots: reading {figures/full_course_comparison_data.csv}
)
Overfull \hbox (88.01126pt too wide) has occurred while \output is active
 []| \T2A/LibertinusSerif-TLF/m/n/14.4 107|
 []


Package fancyhdr Warning: \headheight is too small (14.0pt): 
(fancyhdr)                Make it at least 17.0pt, for example:
(fancyhdr)                \setlength{\headheight}{17.0pt}.
(fancyhdr)                You might also make \topmargin smaller to compensate:

(fancyhdr)                \addtolength{\topmargin}{-3.0pt}.

[107] (./figures/score_distribution.tex
PGFPlots: reading {figures/score_distribution_data.csv}
)
Overfull \hbox (88.01126pt too wide) has occurred while \output is active
 []| \T2A/LibertinusSerif-TLF/m/n/14.4 108|
 []


Package fancyhdr Warning: \headheight is too small (14.0pt): 
(fancyhdr)                Make it at least 17.0pt, for example:
(fancyhdr)                \setlength{\headheight}{17.0pt}.
(fancyhdr)                You might also make \topmargin smaller to compensate:

(fancyhdr)                \addtolength{\topmargin}{-3.0pt}.

[108]
Overfull \hbox (88.01126pt too wide) has occurred while \output is active
 []| \T2A/LibertinusSerif-TLF/m/n/14.4 109|
 []


Package fancyhdr Warning: \headheight is too small (14.0pt): 
(fancyhdr)                Make it at least 17.0pt, for example:
(fancyhdr)                \setlength{\headheight}{17.0pt}.
(fancyhdr)                You might also make \topmargin smaller to compensate:

(fancyhdr)                \addtolength{\topmargin}{-3.0pt}.

[109]
Overfull \hbox (88.01126pt too wide) has occurred while \output is active
 []| \T2A/LibertinusSerif-TLF/m/n/14.4 110|
 []


Package fancyhdr Warning: \headheight is too small (14.0pt): 
(fancyhdr)                Make it at least 17.0pt, for example:
(fancyhdr)                \setlength{\headheight}{17.0pt}.
(fancyhdr)                You might also make \topmargin smaller to compensate:

(fancyhdr)                \addtolength{\topmargin}{-3.0pt}.

[110]
Overfull \hbox (88.01126pt too wide) has occurred while \output is active
 []| \T2A/LibertinusSerif-TLF/m/n/14.4 111|
 []


Package fancyhdr Warning: \headheight is too small (14.0pt): 
(fancyhdr)                Make it at least 17.0pt, for example:
(fancyhdr)                \setlength{\headheight}{17.0pt}.
(fancyhdr)                You might also make \topmargin smaller to compensate:

(fancyhdr)                \addtolength{\topmargin}{-3.0pt}.

[111] (./figures/modular_control_progression.tex
PGFPlots: reading {figures/modular_control_data.csv}
)
(./figures/absence_analysis.tex
Package pgfplots info on input line 18: Using 'lua backend=false' for axis: x c
oord trafo unsupported.


! Package pgfkeys Error: I do not know the key '/tikz/xgrid', to which you pass
ed 'major', and I am going to ignore it. Perhaps you misspelled it.

See the pgfkeys package documentation for explanation.
Type  H <return>  for immediate help.
 ...                                              
                                                  
l.20 \end{axis}
               
This error message was generated by an \errmessage
command, so I can't give any explicit help.
Pretend that you're Hercule Poirot: Examine all clues,
and deduce the truth by order and method.


! Package pgfkeys Error: I do not know the key '/tikz/ygrid', to which you pass
ed 'none', and I am going to ignore it. Perhaps you misspelled it.

See the pgfkeys package documentation for explanation.
Type  H <return>  for immediate help.
 ...                                              
                                                  
l.20 \end{axis}
               
(That was another \errmessage.)

)
Overfull \hbox (88.01126pt too wide) has occurred while \output is active
 []| \T2A/LibertinusSerif-TLF/m/n/14.4 112|
 []


Package fancyhdr Warning: \headheight is too small (14.0pt): 
(fancyhdr)                Make it at least 17.0pt, for example:
(fancyhdr)                \setlength{\headheight}{17.0pt}.
(fancyhdr)                You might also make \topmargin smaller to compensate:

(fancyhdr)                \addtolength{\topmargin}{-3.0pt}.

[112]
Overfull \hbox (88.01126pt too wide) has occurred while \output is active
 []| \T2A/LibertinusSerif-TLF/m/n/14.4 113|
 []


Package fancyhdr Warning: \headheight is too small (14.0pt): 
(fancyhdr)                Make it at least 17.0pt, for example:
(fancyhdr)                \setlength{\headheight}{17.0pt}.
(fancyhdr)                You might also make \topmargin smaller to compensate:

(fancyhdr)                \addtolength{\topmargin}{-3.0pt}.

[113]
Overfull \hbox (3.571pt too wide) in paragraph at lines 264--265
[]\T2A/LibertinusSerif-TLF/m/n/14.4 Notably, the in-struc-tor him-self ex-pe-ri
-enced in-ter-net dis-rup-tions (De-cem-ber 8, 2024;
 []


Overfull \hbox (2.83112pt too wide) in paragraph at lines 268--269
[]\T2A/LibertinusSerif-TLF/m/n/14.4 ``Ваша безпека найважливiша [...] Я не в мi
стi, тому продовжую заняття,
 []


Overfull \hbox (88.01126pt too wide) has occurred while \output is active
 []| \T2A/LibertinusSerif-TLF/m/n/14.4 114|
 []


Package fancyhdr Warning: \headheight is too small (14.0pt): 
(fancyhdr)                Make it at least 17.0pt, for example:
(fancyhdr)                \setlength{\headheight}{17.0pt}.
(fancyhdr)                You might also make \topmargin smaller to compensate:

(fancyhdr)                \addtolength{\topmargin}{-3.0pt}.

[114]
Overfull \hbox (88.01126pt too wide) has occurred while \output is active
 []| \T2A/LibertinusSerif-TLF/m/n/14.4 115|
 []


Package fancyhdr Warning: \headheight is too small (14.0pt): 
(fancyhdr)                Make it at least 17.0pt, for example:
(fancyhdr)                \setlength{\headheight}{17.0pt}.
(fancyhdr)                You might also make \topmargin smaller to compensate:

(fancyhdr)                \addtolength{\topmargin}{-3.0pt}.

[115]
Overfull \hbox (6.16269pt too wide) in paragraph at lines 329--330
\T2A/LibertinusSerif-TLF/m/n/14.4 out the course, dis-tin-guish-ing be-tween se
m-i-nar quizzes, mod-u-lar con-trols, lec-ture quizzes,
 []


Overfull \hbox (88.01126pt too wide) has occurred while \output is active
 []| \T2A/LibertinusSerif-TLF/m/n/14.4 116|
 []


Package fancyhdr Warning: \headheight is too small (14.0pt): 
(fancyhdr)                Make it at least 17.0pt, for example:
(fancyhdr)                \setlength{\headheight}{17.0pt}.
(fancyhdr)                You might also make \topmargin smaller to compensate:

(fancyhdr)                \addtolength{\topmargin}{-3.0pt}.

[116] (./figures/course_timeline.tex
LaTeX Font Info:    Font shape `T2A/LibertinusSerif-TLF/m/n' will be
(Font)              scaled to size 6.0pt on input line 28.
)
Overfull \hbox (15.11072pt too wide) in paragraph at lines 29--334
 [][] 
 []


Overfull \hbox (88.01126pt too wide) has occurred while \output is active
 []| \T2A/LibertinusSerif-TLF/m/n/14.4 117|
 []


Package fancyhdr Warning: \headheight is too small (14.0pt): 
(fancyhdr)                Make it at least 17.0pt, for example:
(fancyhdr)                \setlength{\headheight}{17.0pt}.
(fancyhdr)                You might also make \topmargin smaller to compensate:

(fancyhdr)                \addtolength{\topmargin}{-3.0pt}.

[117]
Overfull \hbox (7.43127pt too wide) in paragraph at lines 363--364
[]\T2A/LibertinusSerif-TLF/m/n/14.4 The avail-abil-ity of re-sponse data for 36
 sem-i-nars span-ning both the pre-gamification
 []

(./figures/pre_post_comparison.tex
Package pgfplots info on input line 19: Using 'lua backend=false' for axis: x c
oord trafo unsupported.


! Package pgfkeys Error: I do not know the key '/tikz/ygrid', to which you pass
ed 'major', and I am going to ignore it. Perhaps you misspelled it.

See the pgfkeys package documentation for explanation.
Type  H <return>  for immediate help.
 ...                                              
                                                  
l.35 \end{axis}
               
(That was another \errmessage.)


! Package pgfkeys Error: I do not know the key '/tikz/xgrid', to which you pass
ed 'none', and I am going to ignore it. Perhaps you misspelled it.

See the pgfkeys package documentation for explanation.
Type  H <return>  for immediate help.
 ...                                              
                                                  
l.35 \end{axis}
               
(That was another \errmessage.)

)
Underfull \hbox (badness 1533) in paragraph at lines 368--368
[]\T2A/LibertinusSerif-TLF/m/n/14.4 Figure 3.8: |Sum-mary com-par-i-son of pre-
gamification (Sem-i-nars 1--24) and post-
 []


Overfull \hbox (88.01126pt too wide) has occurred while \output is active
 []| \T2A/LibertinusSerif-TLF/m/n/14.4 118|
 []


Package fancyhdr Warning: \headheight is too small (14.0pt): 
(fancyhdr)                Make it at least 17.0pt, for example:
(fancyhdr)                \setlength{\headheight}{17.0pt}.
(fancyhdr)                You might also make \topmargin smaller to compensate:

(fancyhdr)                \addtolength{\topmargin}{-3.0pt}.

[118]
Overfull \hbox (5.10956pt too wide) in paragraph at lines 375--376
\T2A/LibertinusSerif-TLF/m/n/14.4 tor-i-cal pe-ri-ods (an-cient through early m
od-ern Ukraine), while the post-gamification
 []


Overfull \hbox (88.01126pt too wide) has occurred while \output is active
 []| \T2A/LibertinusSerif-TLF/m/n/14.4 119|
 []


Package fancyhdr Warning: \headheight is too small (14.0pt): 
(fancyhdr)                Make it at least 17.0pt, for example:
(fancyhdr)                \setlength{\headheight}{17.0pt}.
(fancyhdr)                You might also make \topmargin smaller to compensate:

(fancyhdr)                \addtolength{\topmargin}{-3.0pt}.

[119]
Underfull \hbox (badness 10000) in paragraph at lines 396--396
[]|\T2A/LibertinusSerif-TLF/m/n/12 Historical au-
 []


Underfull \hbox (badness 1286) in paragraph at lines 396--396
[]|\T2A/LibertinusSerif-TLF/m/n/12 All quiz con-tent aligned
 []


Underfull \hbox (badness 4569) in paragraph at lines 396--396
\T2A/LibertinusSerif-TLF/m/n/12 with the NMT cur-ricu-
 []


Underfull \hbox (badness 7099) in paragraph at lines 396--397
\T2A/LibertinusSerif-TLF/m/n/12 format ques-tions; 38 lec-
 []


Underfull \hbox (badness 8019) in paragraph at lines 396--397
\T2A/LibertinusSerif-TLF/m/n/12 Ukrainian his-tory cur-ricu-
 []


Underfull \hbox (badness 10000) in paragraph at lines 398--398
[]|\T2A/LibertinusSerif-TLF/m/n/12 Narrative in-te-
 []


Underfull \hbox (badness 10000) in paragraph at lines 398--398
\T2A/LibertinusSerif-TLF/m/n/12 for quiz blocks (Greek
 []


Underfull \hbox (badness 10000) in paragraph at lines 398--398
\T2A/LibertinusSerif-TLF/m/n/12 mythol-ogy, gem-stones,
 []


Underfull \hbox (badness 10000) in paragraph at lines 398--399
[]|\T2A/LibertinusSerif-TLF/m/n/12 Chat log records nam-ing
 []


Underfull \hbox (badness 10000) in paragraph at lines 398--399
\T2A/LibertinusSerif-TLF/m/n/12 stu-dents ac-knowl-edged
 []


Underfull \hbox (badness 10000) in paragraph at lines 400--400
[]|\T2A/LibertinusSerif-TLF/m/n/12 Chronological pro-gres-
 []


Underfull \hbox (badness 10000) in paragraph at lines 400--400
\T2A/LibertinusSerif-TLF/m/n/12 sion from an-cient to
 []


Underfull \hbox (badness 1152) in paragraph at lines 400--401
[]|\T2A/LibertinusSerif-TLF/m/n/12 Course struc-ture from Sec-
 []


Underfull \hbox (badness 10000) in paragraph at lines 400--401
\T2A/LibertinusSerif-TLF/m/n/12 tion 1 (An-cient/Medieval)
 []


Underfull \hbox (badness 10000) in paragraph at lines 400--401
\T2A/LibertinusSerif-TLF/m/n/12 through Sec-tion 4 (20th
 []


Underfull \hbox (badness 5417) in paragraph at lines 402--402
[]|\T2A/LibertinusSerif-TLF/m/n/12 Immediate feed-
 []


Underfull \hbox (badness 10000) in paragraph at lines 402--402
[]|\T2A/LibertinusSerif-TLF/m/n/12 Google Forms auto-
 []


Underfull \hbox (badness 10000) in paragraph at lines 402--402
\T2A/LibertinusSerif-TLF/m/n/12 scoring; His-to-ry-
 []


Underfull \hbox (badness 10000) in paragraph at lines 402--402
\T2A/LibertinusSerif-TLF/m/n/12 LikeGame colour-coded
 []


Underfull \hbox (badness 1226) in paragraph at lines 402--403
\T2A/LibertinusSerif-TLF/m/n/12 af-ter sub-mis-sion; green/red
 []


Underfull \hbox (badness 10000) in paragraph at lines 404--404
\T2A/LibertinusSerif-TLF/m/n/12 col-lab-o-ra-tive en-cour-age-
 []


Underfull \hbox (badness 1616) in paragraph at lines 404--404
\T2A/LibertinusSerif-TLF/m/n/12 ment; CDPO at-ten-dance
 []


Underfull \hbox (badness 1062) in paragraph at lines 406--406
[]|\T2A/LibertinusSerif-TLF/m/n/12 Multiple modal-i-
 []


Underfull \hbox (badness 3646) in paragraph at lines 406--407
[]|\T2A/LibertinusSerif-TLF/m/n/12 38 lec-ture record-ings, 30+
 []


Underfull \hbox (badness 1292) in paragraph at lines 406--407
\T2A/LibertinusSerif-TLF/m/n/12 work-sheets, 23 game mod-
 []


Overfull \hbox (88.01126pt too wide) has occurred while \output is active
 []| \T2A/LibertinusSerif-TLF/m/n/14.4 120|
 []


Package fancyhdr Warning: \headheight is too small (14.0pt): 
(fancyhdr)                Make it at least 17.0pt, for example:
(fancyhdr)                \setlength{\headheight}{17.0pt}.
(fancyhdr)                You might also make \topmargin smaller to compensate:

(fancyhdr)                \addtolength{\topmargin}{-3.0pt}.

[120]
Overfull \hbox (88.01126pt too wide) has occurred while \output is active
 []| \T2A/LibertinusSerif-TLF/m/n/14.4 121|
 []


Package fancyhdr Warning: \headheight is too small (14.0pt): 
(fancyhdr)                Make it at least 17.0pt, for example:
(fancyhdr)                \setlength{\headheight}{17.0pt}.
(fancyhdr)                You might also make \topmargin smaller to compensate:

(fancyhdr)                \addtolength{\topmargin}{-3.0pt}.

[121]
Overfull \hbox (88.01126pt too wide) has occurred while \output is active
 []| \T2A/LibertinusSerif-TLF/m/n/14.4 122|
 []


Package fancyhdr Warning: \headheight is too small (14.0pt): 
(fancyhdr)                Make it at least 17.0pt, for example:
(fancyhdr)                \setlength{\headheight}{17.0pt}.
(fancyhdr)                You might also make \topmargin smaller to compensate:

(fancyhdr)                \addtolength{\topmargin}{-3.0pt}.

[122]
Overfull \hbox (88.01126pt too wide) has occurred while \output is active
 []| \T2A/LibertinusSerif-TLF/m/n/14.4 123|
 []


Package fancyhdr Warning: \headheight is too small (14.0pt): 
(fancyhdr)                Make it at least 17.0pt, for example:
(fancyhdr)                \setlength{\headheight}{17.0pt}.
(fancyhdr)                You might also make \topmargin smaller to compensate:

(fancyhdr)                \addtolength{\topmargin}{-3.0pt}.

[123]
Overfull \hbox (8.76807pt too wide) in paragraph at lines 436--437
[]\T2A/LibertinusSerif-TLF/b/n/14.4 Gamification layer \T2A/LibertinusSerif-TLF
/m/n/14.4 (His-to-ry-LikeGame): Static HTML; min-i-mal band-width; offline-
 []


Overfull \hbox (88.01126pt too wide) has occurred while \output is active
 []| \T2A/LibertinusSerif-TLF/m/n/14.4 124|
 []


Package fancyhdr Warning: \headheight is too small (14.0pt): 
(fancyhdr)                Make it at least 17.0pt, for example:
(fancyhdr)                \setlength{\headheight}{17.0pt}.
(fancyhdr)                You might also make \topmargin smaller to compensate:

(fancyhdr)                \addtolength{\topmargin}{-3.0pt}.

[124]
Overfull \hbox (88.01126pt too wide) has occurred while \output is active
 []| \T2A/LibertinusSerif-TLF/m/n/14.4 125|
 []


Package fancyhdr Warning: \headheight is too small (14.0pt): 
(fancyhdr)                Make it at least 17.0pt, for example:
(fancyhdr)                \setlength{\headheight}{17.0pt}.
(fancyhdr)                You might also make \topmargin smaller to compensate:

(fancyhdr)                \addtolength{\topmargin}{-3.0pt}.

[125]
Overfull \hbox (88.01126pt too wide) has occurred while \output is active
 []| \T2A/LibertinusSerif-TLF/m/n/14.4 126|
 []


Package fancyhdr Warning: \headheight is too small (14.0pt): 
(fancyhdr)                Make it at least 17.0pt, for example:
(fancyhdr)                \setlength{\headheight}{17.0pt}.
(fancyhdr)                You might also make \topmargin smaller to compensate:

(fancyhdr)                \addtolength{\topmargin}{-3.0pt}.

[126]
Overfull \hbox (88.01126pt too wide) has occurred while \output is active
 []| \T2A/LibertinusSerif-TLF/m/n/14.4 127|
 []


Package fancyhdr Warning: \headheight is too small (14.0pt): 
(fancyhdr)                Make it at least 17.0pt, for example:
(fancyhdr)                \setlength{\headheight}{17.0pt}.
(fancyhdr)                You might also make \topmargin smaller to compensate:

(fancyhdr)                \addtolength{\topmargin}{-3.0pt}.

[127]
Underfull \hbox (badness 4291) in paragraph at lines 490--491
[]|\T2A/LibertinusSerif-TLF/m/n/12 Complete co-hort stud-ied (N=23); no
 []


Underfull \hbox (badness 10000) in paragraph at lines 494--495
[]|\T2A/LibertinusSerif-TLF/m/n/12 Appropriate de-scrip-tive meth-ods for
 []


Overfull \hbox (88.01126pt too wide) has occurred while \output is active
 []| \T2A/LibertinusSerif-TLF/m/n/14.4 128|
 []


Package fancyhdr Warning: \headheight is too small (14.0pt): 
(fancyhdr)                Make it at least 17.0pt, for example:
(fancyhdr)                \setlength{\headheight}{17.0pt}.
(fancyhdr)                You might also make \topmargin smaller to compensate:

(fancyhdr)                \addtolength{\topmargin}{-3.0pt}.

[128]
Overfull \hbox (88.01126pt too wide) has occurred while \output is active
 []| \T2A/LibertinusSerif-TLF/m/n/14.4 129|
 []


Package fancyhdr Warning: \headheight is too small (14.0pt): 
(fancyhdr)                Make it at least 17.0pt, for example:
(fancyhdr)                \setlength{\headheight}{17.0pt}.
(fancyhdr)                You might also make \topmargin smaller to compensate:

(fancyhdr)                \addtolength{\topmargin}{-3.0pt}.

[129]
Overfull \hbox (88.01126pt too wide) has occurred while \output is active
 []| \T2A/LibertinusSerif-TLF/m/n/14.4 130|
 []


Package fancyhdr Warning: \headheight is too small (14.0pt): 
(fancyhdr)                Make it at least 17.0pt, for example:
(fancyhdr)                \setlength{\headheight}{17.0pt}.
(fancyhdr)                You might also make \topmargin smaller to compensate:

(fancyhdr)                \addtolength{\topmargin}{-3.0pt}.

[130]
Overfull \hbox (88.01126pt too wide) has occurred while \output is active
 []| \T2A/LibertinusSerif-TLF/m/n/14.4 131|
 []


Package fancyhdr Warning: \headheight is too small (14.0pt): 
(fancyhdr)                Make it at least 17.0pt, for example:
(fancyhdr)                \setlength{\headheight}{17.0pt}.
(fancyhdr)                You might also make \topmargin smaller to compensate:

(fancyhdr)                \addtolength{\topmargin}{-3.0pt}.

[131]
Overfull \hbox (34.72813pt too wide) in paragraph at lines 535--536
\T2A/LibertinusSerif-TLF/m/n/14.4 ap-proach that char-ac-terised many re-viewed
 stud-ies [[], []] and ap-proaches the ``technology-
 []


Overfull \hbox (88.01126pt too wide) has occurred while \output is active
 []| \T2A/LibertinusSerif-TLF/m/n/14.4 132|
 []


Package fancyhdr Warning: \headheight is too small (14.0pt): 
(fancyhdr)                Make it at least 17.0pt, for example:
(fancyhdr)                \setlength{\headheight}{17.0pt}.
(fancyhdr)                You might also make \topmargin smaller to compensate:

(fancyhdr)                \addtolength{\topmargin}{-3.0pt}.

[132]
Overfull \hbox (34.14618pt too wide) in paragraph at lines 548--549
\T2A/LibertinusSerif-TLF/m/n/14.4 ple-tion would pro-vide a di-rect out-come me
a-sure for the ef-fec-tive-ness of the gamification-
 []


Overfull \hbox (0.84702pt too wide) in paragraph at lines 550--551
[]\T2A/LibertinusSerif-TLF/b/n/14.4 Student per-spec-tives\T2A/LibertinusSerif-
TLF/m/n/14.4 : In-cor-po-rat-ing struc-tured in-ter-views or sur-veys would cap
-
 []

)
Overfull \hbox (88.01126pt too wide) has occurred while \output is active
 []| \T2A/LibertinusSerif-TLF/m/n/14.4 133|
 []


Package fancyhdr Warning: \headheight is too small (14.0pt): 
(fancyhdr)                Make it at least 17.0pt, for example:
(fancyhdr)                \setlength{\headheight}{17.0pt}.
(fancyhdr)                You might also make \topmargin smaller to compensate:

(fancyhdr)                \addtolength{\topmargin}{-3.0pt}.

[133]
\openout2 = `conc.aux'.

 (./conc.tex)
Overfull \hbox (88.01126pt too wide) has occurred while \output is active
 []| \T2A/LibertinusSerif-TLF/m/n/14.4 134|
 []


Package fancyhdr Warning: \headheight is too small (14.0pt): 
(fancyhdr)                Make it at least 17.0pt, for example:
(fancyhdr)                \setlength{\headheight}{17.0pt}.
(fancyhdr)                You might also make \topmargin smaller to compensate:

(fancyhdr)                \addtolength{\topmargin}{-3.0pt}.

[134







]
Overfull \hbox (88.01126pt too wide) has occurred while \output is active
 []| \T2A/LibertinusSerif-TLF/m/n/14.4 135|
 []


Package fancyhdr Warning: \headheight is too small (14.0pt): 
(fancyhdr)                Make it at least 17.0pt, for example:
(fancyhdr)                \setlength{\headheight}{17.0pt}.
(fancyhdr)                You might also make \topmargin smaller to compensate:

(fancyhdr)                \addtolength{\topmargin}{-3.0pt}.

[135]
Overfull \hbox (9.621pt too wide) in paragraph at lines 76--76
\T2A/LibertinusSerif-TLF/m/n/14.4 At-ten-dance anal-y-sis iden-ti-fied 33 ab-se
nce re-ports, with infrastructure-related causes
 []


Overfull \hbox (88.01126pt too wide) has occurred while \output is active
 []| \T2A/LibertinusSerif-TLF/m/n/14.4 136|
 []


Package fancyhdr Warning: \headheight is too small (14.0pt): 
(fancyhdr)                Make it at least 17.0pt, for example:
(fancyhdr)                \setlength{\headheight}{17.0pt}.
(fancyhdr)                You might also make \topmargin smaller to compensate:

(fancyhdr)                \addtolength{\topmargin}{-3.0pt}.

[136]
Overfull \hbox (14.59186pt too wide) in paragraph at lines 76--76
[]\T2A/LibertinusSerif-TLF/m/it/14.4 Controlled study\T2A/LibertinusSerif-TLF/m
/n/14.4 : Im-ple-ment-ing a quasi-experimental de-sign with com-par-i-son group
s
 []


Overfull \hbox (88.01126pt too wide) has occurred while \output is active
 []| \T2A/LibertinusSerif-TLF/m/n/14.4 137|
 []


Package fancyhdr Warning: \headheight is too small (14.0pt): 
(fancyhdr)                Make it at least 17.0pt, for example:
(fancyhdr)                \setlength{\headheight}{17.0pt}.
(fancyhdr)                You might also make \topmargin smaller to compensate:

(fancyhdr)                \addtolength{\topmargin}{-3.0pt}.

[137]
Overfull \hbox (88.01126pt too wide) has occurred while \output is active
 []| \T2A/LibertinusSerif-TLF/m/n/14.4 138|
 []


Package fancyhdr Warning: \headheight is too small (14.0pt): 
(fancyhdr)                Make it at least 17.0pt, for example:
(fancyhdr)                \setlength{\headheight}{17.0pt}.
(fancyhdr)                You might also make \topmargin smaller to compensate:

(fancyhdr)                \addtolength{\topmargin}{-3.0pt}.

[138] (./ssk_thes.bbl
Overfull \hbox (88.01126pt too wide) has occurred while \output is active
 []| \T2A/LibertinusSerif-TLF/m/n/14.4 139|
 []


Package fancyhdr Warning: \headheight is too small (14.0pt): 
(fancyhdr)                Make it at least 17.0pt, for example:
(fancyhdr)                \setlength{\headheight}{17.0pt}.
(fancyhdr)                You might also make \topmargin smaller to compensate:

(fancyhdr)                \addtolength{\topmargin}{-3.0pt}.

[139


]
Overfull \hbox (88.01126pt too wide) has occurred while \output is active
 []| \T2A/LibertinusSerif-TLF/m/n/14.4 140|
 []


Package fancyhdr Warning: \headheight is too small (14.0pt): 
(fancyhdr)                Make it at least 17.0pt, for example:
(fancyhdr)                \setlength{\headheight}{17.0pt}.
(fancyhdr)                You might also make \topmargin smaller to compensate:

(fancyhdr)                \addtolength{\topmargin}{-3.0pt}.

[140]
Underfull \hbox (badness 1466) in paragraph at lines 164--174
\T2A/LibertinusSerif-TLF/m/n/14.4 ing a re-search tool for teach-ing in a post-
pandemic world: Tex-tual com-
 []


Underfull \hbox (badness 5359) in paragraph at lines 164--174
\T2A/LibertinusSerif-TLF/m/n/14.4 mu-ni-ties and crit-i-cal dig-i-tal ped-a-gog
y in the con-text of a com-pre-hen-
 []


Underfull \hbox (badness 2717) in paragraph at lines 164--174
\T2A/LibertinusSerif-TLF/m/n/14.4 sive lib-eral arts re-search uni-ver-sity.  \
T2A/LibertinusSerif-TLF/m/it/14.4 Dig-i-tal hu-man-i-ties quar-terly\T2A/Libert
inusSerif-TLF/m/n/14.4 , 19(2).
 []


Underfull \hbox (badness 10000) in paragraph at lines 164--174
\T2A/LibertinusSerif-TLF/m/n/14.4 URL []$https : / / www . scopus . com / inwar
d / record . uri ? eid = 2-[]s2 . 0-[]105014985127 &
 []


Overfull \hbox (88.01126pt too wide) has occurred while \output is active
 []| \T2A/LibertinusSerif-TLF/m/n/14.4 141|
 []


Package fancyhdr Warning: \headheight is too small (14.0pt): 
(fancyhdr)                Make it at least 17.0pt, for example:
(fancyhdr)                \setlength{\headheight}{17.0pt}.
(fancyhdr)                You might also make \topmargin smaller to compensate:

(fancyhdr)                \addtolength{\topmargin}{-3.0pt}.

[141]
Underfull \hbox (badness 7576) in paragraph at lines 216--225
[]\T2A/LibertinusSerif-TLF/m/n/14.4 Calandra, B. and Lee, J., 2005.  The dig-i-
tal his-tory and ped-a-gogy
 []


Underfull \hbox (badness 3646) in paragraph at lines 216--225
\T2A/LibertinusSerif-TLF/m/n/14.4 project: Cre-at-ing an in-ter-pre-ta-tive/ pe
d-a-gog-i-cal his-tor-i-cal web-site.  \T2A/LibertinusSerif-TLF/m/it/14.4 In-
 []


Underfull \hbox (badness 3271) in paragraph at lines 216--225
\T2A/LibertinusSerif-TLF/m/it/14.4 ter-net and higher ed-u-ca-tion\T2A/Libertin
usSerif-TLF/m/n/14.4 , 8(4 SPEC. ISS.), p.323 ^^U 333.  URL []$https :
 []


Underfull \hbox (badness 10000) in paragraph at lines 216--225
\T2A/LibertinusSerif-TLF/m/n/14.4 / / www . scopus . com / inward / record . ur
i ? eid = 2-[]s2 . 0-[]27844483375 & doi = 10 . 1016 % 2^^\ .
 []


Overfull \hbox (88.01126pt too wide) has occurred while \output is active
 []| \T2A/LibertinusSerif-TLF/m/n/14.4 142|
 []


Package fancyhdr Warning: \headheight is too small (14.0pt): 
(fancyhdr)                Make it at least 17.0pt, for example:
(fancyhdr)                \setlength{\headheight}{17.0pt}.
(fancyhdr)                You might also make \topmargin smaller to compensate:

(fancyhdr)                \addtolength{\topmargin}{-3.0pt}.

[142]
Overfull \hbox (88.01126pt too wide) has occurred while \output is active
 []| \T2A/LibertinusSerif-TLF/m/n/14.4 143|
 []


Package fancyhdr Warning: \headheight is too small (14.0pt): 
(fancyhdr)                Make it at least 17.0pt, for example:
(fancyhdr)                \setlength{\headheight}{17.0pt}.
(fancyhdr)                You might also make \topmargin smaller to compensate:

(fancyhdr)                \addtolength{\topmargin}{-3.0pt}.

[143]
Overfull \hbox (88.01126pt too wide) has occurred while \output is active
 []| \T2A/LibertinusSerif-TLF/m/n/14.4 144|
 []


Package fancyhdr Warning: \headheight is too small (14.0pt): 
(fancyhdr)                Make it at least 17.0pt, for example:
(fancyhdr)                \setlength{\headheight}{17.0pt}.
(fancyhdr)                You might also make \topmargin smaller to compensate:

(fancyhdr)                \addtolength{\topmargin}{-3.0pt}.

[144]
Overfull \hbox (88.01126pt too wide) has occurred while \output is active
 []| \T2A/LibertinusSerif-TLF/m/n/14.4 145|
 []


Package fancyhdr Warning: \headheight is too small (14.0pt): 
(fancyhdr)                Make it at least 17.0pt, for example:
(fancyhdr)                \setlength{\headheight}{17.0pt}.
(fancyhdr)                You might also make \topmargin smaller to compensate:

(fancyhdr)                \addtolength{\topmargin}{-3.0pt}.

[145]
Overfull \hbox (88.01126pt too wide) has occurred while \output is active
 []| \T2A/LibertinusSerif-TLF/m/n/14.4 146|
 []


Package fancyhdr Warning: \headheight is too small (14.0pt): 
(fancyhdr)                Make it at least 17.0pt, for example:
(fancyhdr)                \setlength{\headheight}{17.0pt}.
(fancyhdr)                You might also make \topmargin smaller to compensate:

(fancyhdr)                \addtolength{\topmargin}{-3.0pt}.

[146]
Overfull \hbox (88.01126pt too wide) has occurred while \output is active
 []| \T2A/LibertinusSerif-TLF/m/n/14.4 147|
 []


Package fancyhdr Warning: \headheight is too small (14.0pt): 
(fancyhdr)                Make it at least 17.0pt, for example:
(fancyhdr)                \setlength{\headheight}{17.0pt}.
(fancyhdr)                You might also make \topmargin smaller to compensate:

(fancyhdr)                \addtolength{\topmargin}{-3.0pt}.

[147]
Overfull \hbox (88.01126pt too wide) has occurred while \output is active
 []| \T2A/LibertinusSerif-TLF/m/n/14.4 148|
 []


Package fancyhdr Warning: \headheight is too small (14.0pt): 
(fancyhdr)                Make it at least 17.0pt, for example:
(fancyhdr)                \setlength{\headheight}{17.0pt}.
(fancyhdr)                You might also make \topmargin smaller to compensate:

(fancyhdr)                \addtolength{\topmargin}{-3.0pt}.

[148]
Overfull \hbox (88.01126pt too wide) has occurred while \output is active
 []| \T2A/LibertinusSerif-TLF/m/n/14.4 149|
 []


Package fancyhdr Warning: \headheight is too small (14.0pt): 
(fancyhdr)                Make it at least 17.0pt, for example:
(fancyhdr)                \setlength{\headheight}{17.0pt}.
(fancyhdr)                You might also make \topmargin smaller to compensate:

(fancyhdr)                \addtolength{\topmargin}{-3.0pt}.

[149]
Overfull \hbox (88.01126pt too wide) has occurred while \output is active
 []| \T2A/LibertinusSerif-TLF/m/n/14.4 150|
 []


Package fancyhdr Warning: \headheight is too small (14.0pt): 
(fancyhdr)                Make it at least 17.0pt, for example:
(fancyhdr)                \setlength{\headheight}{17.0pt}.
(fancyhdr)                You might also make \topmargin smaller to compensate:

(fancyhdr)                \addtolength{\topmargin}{-3.0pt}.

[150]
Overfull \hbox (88.01126pt too wide) has occurred while \output is active
 []| \T2A/LibertinusSerif-TLF/m/n/14.4 151|
 []


Package fancyhdr Warning: \headheight is too small (14.0pt): 
(fancyhdr)                Make it at least 17.0pt, for example:
(fancyhdr)                \setlength{\headheight}{17.0pt}.
(fancyhdr)                You might also make \topmargin smaller to compensate:

(fancyhdr)                \addtolength{\topmargin}{-3.0pt}.

[151]
Overfull \hbox (88.01126pt too wide) has occurred while \output is active
 []| \T2A/LibertinusSerif-TLF/m/n/14.4 152|
 []


Package fancyhdr Warning: \headheight is too small (14.0pt): 
(fancyhdr)                Make it at least 17.0pt, for example:
(fancyhdr)                \setlength{\headheight}{17.0pt}.
(fancyhdr)                You might also make \topmargin smaller to compensate:

(fancyhdr)                \addtolength{\topmargin}{-3.0pt}.

[152]
Overfull \hbox (88.01126pt too wide) has occurred while \output is active
 []| \T2A/LibertinusSerif-TLF/m/n/14.4 153|
 []


Package fancyhdr Warning: \headheight is too small (14.0pt): 
(fancyhdr)                Make it at least 17.0pt, for example:
(fancyhdr)                \setlength{\headheight}{17.0pt}.
(fancyhdr)                You might also make \topmargin smaller to compensate:

(fancyhdr)                \addtolength{\topmargin}{-3.0pt}.

[153]
Overfull \hbox (88.01126pt too wide) has occurred while \output is active
 []| \T2A/LibertinusSerif-TLF/m/n/14.4 154|
 []


Package fancyhdr Warning: \headheight is too small (14.0pt): 
(fancyhdr)                Make it at least 17.0pt, for example:
(fancyhdr)                \setlength{\headheight}{17.0pt}.
(fancyhdr)                You might also make \topmargin smaller to compensate:

(fancyhdr)                \addtolength{\topmargin}{-3.0pt}.

[154]
Overfull \hbox (88.01126pt too wide) has occurred while \output is active
 []| \T2A/LibertinusSerif-TLF/m/n/14.4 155|
 []


Package fancyhdr Warning: \headheight is too small (14.0pt): 
(fancyhdr)                Make it at least 17.0pt, for example:
(fancyhdr)                \setlength{\headheight}{17.0pt}.
(fancyhdr)                You might also make \topmargin smaller to compensate:

(fancyhdr)                \addtolength{\topmargin}{-3.0pt}.

[155]
Overfull \hbox (88.01126pt too wide) has occurred while \output is active
 []| \T2A/LibertinusSerif-TLF/m/n/14.4 156|
 []


Package fancyhdr Warning: \headheight is too small (14.0pt): 
(fancyhdr)                Make it at least 17.0pt, for example:
(fancyhdr)                \setlength{\headheight}{17.0pt}.
(fancyhdr)                You might also make \topmargin smaller to compensate:

(fancyhdr)                \addtolength{\topmargin}{-3.0pt}.

[156]
Overfull \hbox (88.01126pt too wide) has occurred while \output is active
 []| \T2A/LibertinusSerif-TLF/m/n/14.4 157|
 []


Package fancyhdr Warning: \headheight is too small (14.0pt): 
(fancyhdr)                Make it at least 17.0pt, for example:
(fancyhdr)                \setlength{\headheight}{17.0pt}.
(fancyhdr)                You might also make \topmargin smaller to compensate:

(fancyhdr)                \addtolength{\topmargin}{-3.0pt}.

[157]
Overfull \hbox (88.01126pt too wide) has occurred while \output is active
 []| \T2A/LibertinusSerif-TLF/m/n/14.4 158|
 []


Package fancyhdr Warning: \headheight is too small (14.0pt): 
(fancyhdr)                Make it at least 17.0pt, for example:
(fancyhdr)                \setlength{\headheight}{17.0pt}.
(fancyhdr)                You might also make \topmargin smaller to compensate:

(fancyhdr)                \addtolength{\topmargin}{-3.0pt}.

[158]
Overfull \hbox (88.01126pt too wide) has occurred while \output is active
 []| \T2A/LibertinusSerif-TLF/m/n/14.4 159|
 []


Package fancyhdr Warning: \headheight is too small (14.0pt): 
(fancyhdr)                Make it at least 17.0pt, for example:
(fancyhdr)                \setlength{\headheight}{17.0pt}.
(fancyhdr)                You might also make \topmargin smaller to compensate:

(fancyhdr)                \addtolength{\topmargin}{-3.0pt}.

[159]
Overfull \hbox (88.01126pt too wide) has occurred while \output is active
 []| \T2A/LibertinusSerif-TLF/m/n/14.4 160|
 []


Package fancyhdr Warning: \headheight is too small (14.0pt): 
(fancyhdr)                Make it at least 17.0pt, for example:
(fancyhdr)                \setlength{\headheight}{17.0pt}.
(fancyhdr)                You might also make \topmargin smaller to compensate:

(fancyhdr)                \addtolength{\topmargin}{-3.0pt}.

[160]
Overfull \hbox (88.01126pt too wide) has occurred while \output is active
 []| \T2A/LibertinusSerif-TLF/m/n/14.4 161|
 []


Package fancyhdr Warning: \headheight is too small (14.0pt): 
(fancyhdr)                Make it at least 17.0pt, for example:
(fancyhdr)                \setlength{\headheight}{17.0pt}.
(fancyhdr)                You might also make \topmargin smaller to compensate:

(fancyhdr)                \addtolength{\topmargin}{-3.0pt}.

[161]
Overfull \hbox (88.01126pt too wide) has occurred while \output is active
 []| \T2A/LibertinusSerif-TLF/m/n/14.4 162|
 []


Package fancyhdr Warning: \headheight is too small (14.0pt): 
(fancyhdr)                Make it at least 17.0pt, for example:
(fancyhdr)                \setlength{\headheight}{17.0pt}.
(fancyhdr)                You might also make \topmargin smaller to compensate:

(fancyhdr)                \addtolength{\topmargin}{-3.0pt}.

[162]
Overfull \hbox (88.01126pt too wide) has occurred while \output is active
 []| \T2A/LibertinusSerif-TLF/m/n/14.4 163|
 []


Package fancyhdr Warning: \headheight is too small (14.0pt): 
(fancyhdr)                Make it at least 17.0pt, for example:
(fancyhdr)                \setlength{\headheight}{17.0pt}.
(fancyhdr)                You might also make \topmargin smaller to compensate:

(fancyhdr)                \addtolength{\topmargin}{-3.0pt}.

[163]
Overfull \hbox (88.01126pt too wide) has occurred while \output is active
 []| \T2A/LibertinusSerif-TLF/m/n/14.4 164|
 []


Package fancyhdr Warning: \headheight is too small (14.0pt): 
(fancyhdr)                Make it at least 17.0pt, for example:
(fancyhdr)                \setlength{\headheight}{17.0pt}.
(fancyhdr)                You might also make \topmargin smaller to compensate:

(fancyhdr)                \addtolength{\topmargin}{-3.0pt}.

[164]
LaTeX Font Info:    Trying to load font information for OT1+LibertinusSerif-TLF
 on input line 1832.

(/usr/local/texlive/2021/texmf-dist/tex/latex/libertinus-type1/OT1LibertinusSer
if-TLF.fd
File: OT1LibertinusSerif-TLF.fd 2020/08/22 (autoinst) Font definitions for OT1/
LibertinusSerif-TLF.
)
LaTeX Font Info:    Font shape `OT1/LibertinusSerif-TLF/m/n' will be
(Font)              scaled to size 14.4pt on input line 1832.

Overfull \hbox (88.01126pt too wide) has occurred while \output is active
 []| \T2A/LibertinusSerif-TLF/m/n/14.4 165|
 []


Package fancyhdr Warning: \headheight is too small (14.0pt): 
(fancyhdr)                Make it at least 17.0pt, for example:
(fancyhdr)                \setlength{\headheight}{17.0pt}.
(fancyhdr)                You might also make \topmargin smaller to compensate:

(fancyhdr)                \addtolength{\topmargin}{-3.0pt}.

[165]
Underfull \hbox (badness 3930) in paragraph at lines 1870--1878
[]\T2A/LibertinusSerif-TLF/m/n/14.4 Prensky, M., 2001.  Why Ed-u-ca-tion and Tr
ain-ing Have \T2A/LibertinusSerif-TLF/m/it/14.4 Not \T2A/LibertinusSerif-TLF/m/
n/14.4 Changed.
 []


Underfull \hbox (badness 2057) in paragraph at lines 1870--1878
\T2A/LibertinusSerif-TLF/m/it/14.4 Dig-i-tal Game-Based Learn-ing\T2A/Libertinu
sSerif-TLF/m/n/14.4 .  New York: McGraw-Hill, chap. 3.  URL
 []


Underfull \hbox (badness 10000) in paragraph at lines 1870--1878
[]$\T2A/LibertinusSerif-TLF/m/n/14.4 https : / / web . archive . org / web / 20
051030115757 / https : / / marcprensky . com / writing /
 []


Overfull \hbox (88.01126pt too wide) has occurred while \output is active
 []| \T2A/LibertinusSerif-TLF/m/n/14.4 166|
 []


Package fancyhdr Warning: \headheight is too small (14.0pt): 
(fancyhdr)                Make it at least 17.0pt, for example:
(fancyhdr)                \setlength{\headheight}{17.0pt}.
(fancyhdr)                You might also make \topmargin smaller to compensate:

(fancyhdr)                \addtolength{\topmargin}{-3.0pt}.

[166]
Underfull \hbox (badness 5504) in paragraph at lines 1900--1905
[]\T2A/LibertinusSerif-TLF/m/n/14.4 Public His-tory, N.C. on, 2016.  Dig-i-tal 
his-tory project re-view guide-
 []


Underfull \hbox (badness 10000) in paragraph at lines 1900--1905
\T2A/LibertinusSerif-TLF/m/n/14.4 lines.  Ac-cessed May 30, 2025.  URL []$https
 : / / ncph . org / guidelines /
 []


Overfull \hbox (88.01126pt too wide) has occurred while \output is active
 []| \T2A/LibertinusSerif-TLF/m/n/14.4 167|
 []


Package fancyhdr Warning: \headheight is too small (14.0pt): 
(fancyhdr)                Make it at least 17.0pt, for example:
(fancyhdr)                \setlength{\headheight}{17.0pt}.
(fancyhdr)                You might also make \topmargin smaller to compensate:

(fancyhdr)                \addtolength{\topmargin}{-3.0pt}.

[167]
Overfull \hbox (88.01126pt too wide) has occurred while \output is active
 []| \T2A/LibertinusSerif-TLF/m/n/14.4 168|
 []


Package fancyhdr Warning: \headheight is too small (14.0pt): 
(fancyhdr)                Make it at least 17.0pt, for example:
(fancyhdr)                \setlength{\headheight}{17.0pt}.
(fancyhdr)                You might also make \topmargin smaller to compensate:

(fancyhdr)                \addtolength{\topmargin}{-3.0pt}.

[168]
Overfull \hbox (88.01126pt too wide) has occurred while \output is active
 []| \T2A/LibertinusSerif-TLF/m/n/14.4 169|
 []


Package fancyhdr Warning: \headheight is too small (14.0pt): 
(fancyhdr)                Make it at least 17.0pt, for example:
(fancyhdr)                \setlength{\headheight}{17.0pt}.
(fancyhdr)                You might also make \topmargin smaller to compensate:

(fancyhdr)                \addtolength{\topmargin}{-3.0pt}.

[169]
Overfull \hbox (88.01126pt too wide) has occurred while \output is active
 []| \T2A/LibertinusSerif-TLF/m/n/14.4 170|
 []


Package fancyhdr Warning: \headheight is too small (14.0pt): 
(fancyhdr)                Make it at least 17.0pt, for example:
(fancyhdr)                \setlength{\headheight}{17.0pt}.
(fancyhdr)                You might also make \topmargin smaller to compensate:

(fancyhdr)                \addtolength{\topmargin}{-3.0pt}.

[170]
Overfull \hbox (88.01126pt too wide) has occurred while \output is active
 []| \T2A/LibertinusSerif-TLF/m/n/14.4 171|
 []


Package fancyhdr Warning: \headheight is too small (14.0pt): 
(fancyhdr)                Make it at least 17.0pt, for example:
(fancyhdr)                \setlength{\headheight}{17.0pt}.
(fancyhdr)                You might also make \topmargin smaller to compensate:

(fancyhdr)                \addtolength{\topmargin}{-3.0pt}.

[171]
Underfull \hbox (badness 4060) in paragraph at lines 2297--2309
[]\T2A/LibertinusSerif-TLF/m/n/14.4 S[]aiz-Manzanares, M.C., Za-parain Ya[]nez,
 M.J., Rodr[]^^Yguez-Arribass, S. and
 []


Overfull \hbox (88.01126pt too wide) has occurred while \output is active
 []| \T2A/LibertinusSerif-TLF/m/n/14.4 172|
 []


Package fancyhdr Warning: \headheight is too small (14.0pt): 
(fancyhdr)                Make it at least 17.0pt, for example:
(fancyhdr)                \setlength{\headheight}{17.0pt}.
(fancyhdr)                You might also make \topmargin smaller to compensate:

(fancyhdr)                \addtolength{\topmargin}{-3.0pt}.

[172]
Overfull \hbox (88.01126pt too wide) has occurred while \output is active
 []| \T2A/LibertinusSerif-TLF/m/n/14.4 173|
 []


Package fancyhdr Warning: \headheight is too small (14.0pt): 
(fancyhdr)                Make it at least 17.0pt, for example:
(fancyhdr)                \setlength{\headheight}{17.0pt}.
(fancyhdr)                You might also make \topmargin smaller to compensate:

(fancyhdr)                \addtolength{\topmargin}{-3.0pt}.

[173]
Overfull \hbox (88.01126pt too wide) has occurred while \output is active
 []| \T2A/LibertinusSerif-TLF/m/n/14.4 174|
 []


Package fancyhdr Warning: \headheight is too small (14.0pt): 
(fancyhdr)                Make it at least 17.0pt, for example:
(fancyhdr)                \setlength{\headheight}{17.0pt}.
(fancyhdr)                You might also make \topmargin smaller to compensate:

(fancyhdr)                \addtolength{\topmargin}{-3.0pt}.

[174]
Overfull \hbox (88.01126pt too wide) has occurred while \output is active
 []| \T2A/LibertinusSerif-TLF/m/n/14.4 175|
 []


Package fancyhdr Warning: \headheight is too small (14.0pt): 
(fancyhdr)                Make it at least 17.0pt, for example:
(fancyhdr)                \setlength{\headheight}{17.0pt}.
(fancyhdr)                You might also make \topmargin smaller to compensate:

(fancyhdr)                \addtolength{\topmargin}{-3.0pt}.

[175]
Overfull \hbox (88.01126pt too wide) has occurred while \output is active
 []| \T2A/LibertinusSerif-TLF/m/n/14.4 176|
 []


Package fancyhdr Warning: \headheight is too small (14.0pt): 
(fancyhdr)                Make it at least 17.0pt, for example:
(fancyhdr)                \setlength{\headheight}{17.0pt}.
(fancyhdr)                You might also make \topmargin smaller to compensate:

(fancyhdr)                \addtolength{\topmargin}{-3.0pt}.

[176])
Overfull \hbox (88.01126pt too wide) has occurred while \output is active
 []| \T2A/LibertinusSerif-TLF/m/n/14.4 177|
 []


Package fancyhdr Warning: \headheight is too small (14.0pt): 
(fancyhdr)                Make it at least 17.0pt, for example:
(fancyhdr)                \setlength{\headheight}{17.0pt}.
(fancyhdr)                You might also make \topmargin smaller to compensate:

(fancyhdr)                \addtolength{\topmargin}{-3.0pt}.

[177]
\openout2 = `appendix.aux'.

 (./appendix.tex
Appendix A.

Overfull \hbox (88.01126pt too wide) has occurred while \output is active
 []| \T2A/LibertinusSerif-TLF/m/n/14.4 178|
 []


Package fancyhdr Warning: \headheight is too small (14.0pt): 
(fancyhdr)                Make it at least 17.0pt, for example:
(fancyhdr)                \setlength{\headheight}{17.0pt}.
(fancyhdr)                You might also make \topmargin smaller to compensate:

(fancyhdr)                \addtolength{\topmargin}{-3.0pt}.

[178


]
Overfull \hbox (88.01126pt too wide) has occurred while \output is active
 []| \T2A/LibertinusSerif-TLF/m/n/14.4 179|
 []


Package fancyhdr Warning: \headheight is too small (14.0pt): 
(fancyhdr)                Make it at least 17.0pt, for example:
(fancyhdr)                \setlength{\headheight}{17.0pt}.
(fancyhdr)                You might also make \topmargin smaller to compensate:

(fancyhdr)                \addtolength{\topmargin}{-3.0pt}.

[179]
Overfull \hbox (1.87715pt too wide) in paragraph at lines 101--102
\T2A/LibertinusSerif-TLF/m/n/14.4 2026. Pre-sen-ta-tion: ``Gamification-enhance
d his-tory ed-u-ca-tion un-der wartime con-
 []

)
Overfull \hbox (88.01126pt too wide) has occurred while \output is active
 []| \T2A/LibertinusSerif-TLF/m/n/14.4 180|
 []


Package fancyhdr Warning: \headheight is too small (14.0pt): 
(fancyhdr)                Make it at least 17.0pt, for example:
(fancyhdr)                \setlength{\headheight}{17.0pt}.
(fancyhdr)                You might also make \topmargin smaller to compensate:

(fancyhdr)                \addtolength{\topmargin}{-3.0pt}.

[180] (./ssk_thes.aux (./printpratsi.aux) (./abstract.aux) (./intro.aux)
(./chapter1.aux) (./chapter2.aux) (./chapter3.aux) (./conc.aux) (./appendix.aux
))

LaTeX Font Warning: Some font shapes were not available, defaults substituted.

Package rerunfilecheck Info: File `ssk_thes.out' has not changed.
(rerunfilecheck)             Checksum: 7DEB927E17F4F34090D418225585DC28;5224.
 ) 
Here is how much of TeX's memory you used:
 39807 strings out of 478754
 876997 string characters out of 5854204
 1470048 words of memory out of 5000000
 55978 multiletter control sequences out of 15000+600000
 442085 words of font info for 80 fonts, out of 8000000 for 9000
 1141 hyphenation exceptions out of 8191
 99i,19n,131p,1815b,3157s stack positions out of 5000i,500n,10000p,200000b,80000s
{/usr/local/texlive/2021/texmf-dist/fonts/enc/dvips/libertinus-type1/lbts_674
lrv.enc}{/usr/local/texlive/2021/texmf-dist/fonts/enc/dvips/libertinus-type1/lb
ts_erdvwd.enc}{/usr/local/texlive/2021/texmf-dist/fonts/enc/dvips/cm-super/cm-s
uper-t2a.enc}{/usr/local/texlive/2021/texmf-dist/fonts/enc/dvips/libertinus-typ
e1/lbts_qe2yqv.enc}{/usr/local/texlive/2021/texmf-dist/fonts/enc/dvips/libertin
us-type1/lbts_rlktsf.enc}{/usr/local/texlive/2021/texmf-dist/fonts/enc/dvips/li
bertinus-type1/lbts_cb34qf.enc}{/usr/local/texlive/2021/texmf-dist/fonts/enc/dv
ips/libertinus-type1/lbts_75t36g.enc}{/usr/local/texlive/2021/texmf-dist/fonts/
enc/dvips/libertinus-type1/lbts_2fcdyd.enc}{/usr/local/texlive/2021/texmf-dist/
fonts/enc/dvips/libertinus-type1/lbts_inpbes.enc}{/usr/local/texlive/2021/texmf
-dist/fonts/enc/dvips/libertinus-type1/lbts_yuwgqp.enc}</usr/local/texlive/2021
/texmf-dist/fonts/type1/public/libertinus-type1/LibertinusSerif-Bold.pfb></usr/
local/texlive/2021/texmf-dist/fonts/type1/public/libertinus-type1/LibertinusSer
if-BoldItalic.pfb></usr/local/texlive/2021/texmf-dist/fonts/type1/public/libert
inus-type1/LibertinusSerif-Italic.pfb></usr/local/texlive/2021/texmf-dist/fonts
/type1/public/libertinus-type1/LibertinusSerif-Regular.pfb></usr/local/texlive/
2021/texmf-dist/fonts/type1/public/amsfonts/cm/cmmi12.pfb></usr/local/texlive/2
021/texmf-dist/fonts/type1/public/amsfonts/cm/cmmi8.pfb></usr/local/texlive/202
1/texmf-dist/fonts/type1/public/amsfonts/cm/cmr12.pfb></usr/local/texlive/2021/
texmf-dist/fonts/type1/public/amsfonts/cm/cmr8.pfb></usr/local/texlive/2021/tex
mf-dist/fonts/type1/public/amsfonts/cm/cmsy10.pfb></usr/local/texlive/2021/texm
f-dist/fonts/type1/public/cm-super/sfrm1440.pfb>
Output written on ssk_thes.pdf (180 pages, 6054716 bytes).
PDF statistics:
 3594 PDF objects out of 4296 (max. 8388607)
 3364 compressed objects within 34 object streams
 746 named destinations out of 1000 (max. 500000)
 225 words of extra memory for PDF output out of 10000 (max. 10000000)

